{"strategy":{"MomentumMacdRsiStrategy":{"trades":[{"pair":"ETH/USDT","stake_amount":69.911868,"max_stake_amount":69.911868,"amount":0.0494,"open_date":"2023-01-12 01:00:00+00:00","close_date":"2023-01-12 01:20:00+00:00","open_rate":1415.22,"close_rate":1402.37,"fee_open":0.001,"fee_close":0.001,"trade_duration":20,"profit_ratio":-0.011059720851054134,"profit_abs":-0.77397895,"exit_reason":"mom_loss_momentum","initial_stop_loss_abs":1018.96,"initial_stop_loss_ratio":-0.28,"stop_loss_abs":1018.96,"stop_loss_ratio":-0.28,"min_rate":1401.37,"max_rate":1416.39,"is_open":false,"enter_tag":"mom_macd_rsi","leverage":1.0,"is_short":false,"open_timestamp":1673485200000,"close_timestamp":1673486400000,"orders":[{"amount":0.0494,"safe_price":1415.22,"ft_order_side":"buy","order_filled_timestamp":1673485200000,"ft_is_entry":true,"ft_order_tag":"mom_macd_rsi","cost":69.98177986799999},{"amount":0.0494,"safe_price":1402.37,"ft_order_side":"sell","order_filled_timestamp":1673486400000,"ft_is_entry":false,"ft_order_tag":"mom_loss_momentum","cost":69.34635507799999}],"funding_fees":0.0},{"pair":"BTC/USDT","stake_amount":69.8006428,"max_stake_amount":69.8006428,"amount":0.00332,"open_date":"2023-01-14 00:45:00+00:00","close_date":"2023-01-14 01:30:00+00:00","open_rate":21024.29,"close_rate":20718.68,"fee_open":0.001,"fee_close":0.001,"trade_duration":45,"profit_ratio":-0.016505002733295752,"profit_abs":-1.15321186,"exit_reason":"mom_loss_momentum","initial_stop_loss_abs":15137.49,"initial_stop_loss_ratio":-0.28,"stop_loss_abs":15137.49,"stop_loss_ratio":-0.28,"min_rate":20691.13,"max_rate":21167.12,"is_open":false,"enter_tag":"mom_macd_rsi","leverage":1.0,"is_short":false,"open_timestamp":1673657100000,"close_timestamp":1673659800000,"orders":[{"amount":0.00332,"safe_price":21024.29,"ft_order_side":"buy","order_filled_timestamp":1673657100000,"ft_is_entry":true,"ft_order_tag":"mom_macd_rsi","cost":69.8704434428},{"amount":0.00332,"safe_price":20718.68,"ft_order_side":"sell","order_filled_timestamp":1673659800000,"ft_is_entry":false,"ft_order_tag":"mom_loss_momentum","cost":68.8548036176}],"funding_fees":0.0},{"pair":"ETH/USDT","stake_amount":64.937972,"max_stake_amount":64.937972,"amount":0.0418,"open_date":"2023-01-14 00:45:00+00:00","close_date":"2023-01-14 01:40:00+00:00","open_rate":1553.54,"close_rate":1549.4,"fee_open":0.001,"fee_close":0.001,"trade_duration":55,"profit_ratio":-0.004657559025133054,"profit_abs":-0.30275489,"exit_reason":"mom_loss_momentum","initial_stop_loss_abs":1118.55,"initial_stop_loss_ratio":-0.28,"stop_loss_abs":1118.55,"stop_loss_ratio":-0.28,"min_rate":1530.96,"max_rate":1564.43,"is_open":false,"enter_tag":"mom_macd_rsi","leverage":1.0,"is_short":false,"open_timestamp":1673657100000,"close_timestamp":1673660400000,"orders":[{"amount":0.0418,"safe_price":1553.54,"ft_order_side":"buy","order_filled_timestamp":1673657100000,"ft_is_entry":true,"ft_order_tag":"mom_macd_rsi","cost":65.00290997199998},{"amount":0.0418,"safe_price":1549.4,"ft_order_side":"sell","order_filled_timestamp":1673660400000,"ft_is_entry":false,"ft_order_tag":"mom_loss_momentum","cost":64.82968491999999}],"funding_fees":0.0},{"pair":"ETH/USDT","stake_amount":69.72318,"max_stake_amount":69.72318,"amount":0.0446,"open_date":"2023-01-18 17:15:00+00:00","close_date":"2023-01-18 18:30:00+00:00","open_rate":1563.3,"close_rate":1551.18,"fee_open":0.001,"fee_close":0.001,"trade_duration":75,"profit_ratio":-0.009735342406485634,"profit_abs":-0.67945781,"exit_reason":"mom_loss_momentum","initial_stop_loss_abs":1125.58,"initial_stop_loss_ratio":-0.28,"stop_loss_abs":1125.58,"stop_loss_ratio":-0.28,"min_rate":1538.65,"max_rate":1566.88,"is_open":false,"enter_tag":"mom_macd_rsi","leverage":1.0,"is_short":false,"open_timestamp":1674062100000,"close_timestamp":1674066600000,"orders":[{"amount":0.0446,"safe_price":1563.3,"ft_order_side":"buy","order_filled_timestamp":1674062100000,"ft_is_entry":true,"ft_order_tag":"mom_macd_rsi","cost":69.79290318},{"amount":0.0446,"safe_price":1551.18,"ft_order_side":"sell","order_filled_timestamp":1674066600000,"ft_is_entry":false,"ft_order_tag":"mom_loss_momentum","cost":69.251810628}],"funding_fees":0.0},{"pair":"ETH/USDT","stake_amount":69.686096,"max_stake_amount":69.686096,"amount":0.0424,"open_date":"2023-02-01 21:10:00+00:00","close_date":"2023-02-01 21:20:00+00:00","open_rate":1643.54,"close_rate":1642.1,"fee_open":0.001,"fee_close":0.001,"trade_duration":10,"profit_ratio":-0.0028724090531197645,"profit_abs":-0.20036714,"exit_reason":"mom_loss_momentum","initial_stop_loss_abs":1183.35,"initial_stop_loss_ratio":-0.28,"stop_loss_abs":1183.35,"stop_loss_ratio":-0.28,"min_rate":1637.87,"max_rate":1645.52,"is_open":false,"enter_tag":"mom_macd_rsi","leverage":1.0,"is_short":false,"open_timestamp":1675285800000,"close_timestamp":1675286400000,"orders":[{"amount":0.0424,"safe_price":1643.54,"ft_order_side":"buy","order_filled_timestamp":1675285800000,"ft_is_entry":true,"ft_order_tag":"mom_macd_rsi","cost":69.75578209599999},{"amount":0.0424,"safe_price":1642.1,"ft_order_side":"sell","order_filled_timestamp":1675286400000,"ft_is_entry":false,"ft_order_tag":"mom_loss_momentum","cost":69.69466503999999}],"funding_fees":0.0},{"pair":"ETH/USDT","stake_amount":64.848042,"max_stake_amount":64.848042,"amount":0.0387,"open_date":"2023-02-15 20:35:00+00:00","close_date":"2023-02-15 21:15:00+00:00","open_rate":1675.66,"close_rate":1663.39,"fee_open":0.001,"fee_close":0.001,"trade_duration":40,"profit_ratio":-0.00930585943114155,"profit_abs":-0.60407023,"exit_reason":"mom_loss_momentum","initial_stop_loss_abs":1206.48,"initial_stop_loss_ratio":-0.28,"stop_loss_abs":1206.48,"stop_loss_ratio":-0.28,"min_rate":1658.0,"max_rate":1676.43,"is_open":false,"enter_tag":"mom_macd_rsi","leverage":1.0,"is_short":false,"open_timestamp":1676493300000,"close_timestamp":1676495700000,"orders":[{"amount":0.0387,"safe_price":1675.66,"ft_order_side":"buy","order_filled_timestamp":1676493300000,"ft_is_entry":true,"ft_order_tag":"mom_macd_rsi","cost":64.912890042},{"amount":0.0387,"safe_price":1663.39,"ft_order_side":"sell","order_filled_timestamp":1676495700000,"ft_is_entry":false,"ft_order_tag":"mom_loss_momentum","cost":64.437566193}],"funding_fees":0.0},{"pair":"BTC/USDT","stake_amount":69.7488768,"max_stake_amount":69.7488768,"amount":0.00288,"open_date":"2023-02-15 20:35:00+00:00","close_date":"2023-02-15 21:20:00+00:00","open_rate":24218.36,"close_rate":24082.69,"fee_open":0.001,"fee_close":0.001,"trade_duration":45,"profit_ratio":-0.007588757510820772,"profit_abs":-0.52983662,"exit_reason":"mom_loss_momentum","initial_stop_loss_abs":17437.22,"initial_stop_loss_ratio":-0.28,"stop_loss_abs":17437.22,"stop_loss_ratio":-0.28,"min_rate":23949.0,"max_rate":24237.77,"is_open":false,"enter_tag":"mom_macd_rsi","leverage":1.0,"is_short":false,"open_timestamp":1676493300000,"close_timestamp":1676496000000,"orders":[{"amount":0.00288,"safe_price":24218.36,"ft_order_side":"buy","order_filled_timestamp":1676493300000,"ft_is_entry":true,"ft_order_tag":"mom_macd_rsi","cost":69.8186256768},{"amount":0.00288,"safe_price":24082.69,"ft_order_side":"sell","order_filled_timestamp":1676496000000,"ft_is_entry":false,"ft_order_tag":"mom_loss_momentum","cost":69.4275053472}],"funding_fees":0.0},{"pair":"ETH/USDT","stake_amount":64.70199,"max_stake_amount":64.70199,"amount":0.0414,"open_date":"2023-03-03 03:20:00+00:00","close_date":"2023-03-03 03:40:00+00:00","open_rate":1562.85,"close_rate":1566.96,"fee_open":0.001,"fee_close":0.001,"trade_duration":20,"profit_ratio":0.0006265546186343058,"profit_abs":0.04057987,"exit_reason":"mom_loss_momentum","initial_stop_loss_abs":1125.26,"initial_stop_loss_ratio":-0.28,"stop_loss_abs":1125.26,"stop_loss_ratio":-0.28,"min_rate":1562.11,"max_rate":1568.92,"is_open":false,"enter_tag":"mom_macd_rsi","leverage":1.0,"is_short":false,"open_timestamp":1677813600000,"close_timestamp":1677814800000,"orders":[{"amount":0.0414,"safe_price":1562.85,"ft_order_side":"buy","order_filled_timestamp":1677813600000,"ft_is_entry":true,"ft_order_tag":"mom_macd_rsi","cost":64.76669198999998},{"amount":0.0414,"safe_price":1566.96,"ft_order_side":"sell","order_filled_timestamp":1677814800000,"ft_is_entry":false,"ft_order_tag":"mom_loss_momentum","cost":64.937016144}],"funding_fees":0.0},{"pair":"BTC/USDT","stake_amount":69.6028008,"max_stake_amount":69.6028008,"amount":0.00312,"open_date":"2023-03-03 03:20:00+00:00","close_date":"2023-03-03 03:50:00+00:00","open_rate":22308.59,"close_rate":22350.13,"fee_open":0.001,"fee_close":0.001,"trade_duration":30,"profit_ratio":-0.00013965945621385558,"profit_abs":-0.00973041,"exit_reason":"mom_loss_momentum","initial_stop_loss_abs":16062.19,"initial_stop_loss_ratio":-0.28,"stop_loss_abs":16062.19,"stop_loss_ratio":-0.28,"min_rate":22285.5,"max_rate":22400.87,"is_open":false,"enter_tag":"mom_macd_rsi","leverage":1.0,"is_short":false,"open_timestamp":1677813600000,"close_timestamp":1677815400000,"orders":[{"amount":0.00312,"safe_price":22308.59,"ft_order_side":"buy","order_filled_timestamp":1677813600000,"ft_is_entry":true,"ft_order_tag":"mom_macd_rsi","cost":69.6724036008},{"amount":0.00312,"safe_price":22350.13,"ft_order_side":"sell","order_filled_timestamp":1677815400000,"ft_is_entry":false,"ft_order_tag":"mom_loss_momentum","cost":69.8021380056}],"funding_fees":0.0},{"pair":"ETH/USDT","stake_amount":69.615696,"max_stake_amount":69.615696,"amount":0.0456,"open_date":"2023-03-12 18:25:00+00:00","close_date":"2023-03-12 19:05:00+00:00","open_rate":1526.66,"close_rate":1537.32,"fee_open":0.001,"fee_close":0.001,"trade_duration":40,"profit_ratio":0.004970610040621838,"profit_abs":0.34637851,"exit_reason":"mom_loss_momentum","initial_stop_loss_abs":1099.2,"initial_stop_loss_ratio":-0.28,"stop_loss_abs":1099.2,"stop_loss_ratio":-0.28,"min_rate":1521.68,"max_rate":1548.8,"is_open":false,"enter_tag":"mom_macd_rsi","leverage":1.0,"is_short":false,"open_timestamp":1678645500000,"close_timestamp":1678647900000,"orders":[{"amount":0.0456,"safe_price":1526.66,"ft_order_side":"buy","order_filled_timestamp":1678645500000,"ft_is_entry":true,"ft_order_tag":"mom_macd_rsi","cost":69.68531169599999},{"amount":0.0456,"safe_price":1537.32,"ft_order_side":"sell","order_filled_timestamp":1678647900000,"ft_is_entry":false,"ft_order_tag":"mom_loss_momentum","cost":70.17189379199999}],"funding_fees":0.0},{"pair":"BTC/USDT","stake_amount":69.5722797,"max_stake_amount":69.5722797,"amount":0.00297,"open_date":"2023-03-13 14:25:00+00:00","close_date":"2023-03-13 15:05:00+00:00","open_rate":23425.01,"close_rate":24199.56,"fee_open":0.001,"fee_close":0.001,"trade_duration":40,"profit_ratio":0.03100102120531374,"profit_abs":2.15896853,"exit_reason":"trailing_stop_loss","initial_stop_loss_abs":16866.01,"initial_stop_loss_ratio":-0.28,"stop_loss_abs":24199.56,"stop_loss_ratio":-0.01,"min_rate":23233.83,"max_rate":24444.0,"is_open":false,"enter_tag":"mom_macd_rsi","leverage":1.0,"is_short":false,"open_timestamp":1678717500000,"close_timestamp":1678719900000,"orders":[{"amount":0.00297,"safe_price":23425.01,"ft_order_side":"buy","order_filled_timestamp":1678717500000,"ft_is_entry":true,"ft_order_tag":"mom_macd_rsi","cost":69.6418519797},{"amount":0.00297,"safe_price":24199.56,"ft_order_side":"sell","order_filled_timestamp":1678719900000,"ft_is_entry":false,"ft_order_tag":"trailing_stop_loss","cost":71.9445658932}],"funding_fees":0.0},{"pair":"ETH/USDT","stake_amount":69.76284,"max_stake_amount":69.76284,"amount":0.042,"open_date":"2023-03-13 15:05:00+00:00","close_date":"2023-03-13 15:50:00+00:00","open_rate":1661.02,"close_rate":1662.07,"fee_open":0.001,"fee_close":0.001,"trade_duration":45,"profit_ratio":-0.001367123322307486,"profit_abs":-0.09546978,"exit_reason":"mom_loss_momentum","initial_stop_loss_abs":1195.94,"initial_stop_loss_ratio":-0.28,"stop_loss_abs":1195.94,"stop_loss_ratio":-0.28,"min_rate":1659.02,"max_rate":1693.49,"is_open":false,"enter_tag":"mom_macd_rsi","leverage":1.0,"is_short":false,"open_timestamp":1678719900000,"close_timestamp":1678722600000,"orders":[{"amount":0.042,"safe_price":1661.02,"ft_order_side":"buy","order_filled_timestamp":1678719900000,"ft_is_entry":true,"ft_order_tag":"mom_macd_rsi","cost":69.83260283999999},{"amount":0.042,"safe_price":1662.07,"ft_order_side":"sell","order_filled_timestamp":1678722600000,"ft_is_entry":false,"ft_order_tag":"mom_loss_momentum","cost":69.87674693999999}],"funding_fees":0.0},{"pair":"BTC/USDT","stake_amount":64.9459408,"max_stake_amount":64.9459408,"amount":0.00268,"open_date":"2023-03-13 15:10:00+00:00","close_date":"2023-03-13 15:50:00+00:00","open_rate":24233.56,"close_rate":23922.76,"fee_open":0.001,"fee_close":0.001,"trade_duration":40,"profit_ratio":-0.01479756681116394,"profit_abs":-0.96200294,"exit_reason":"mom_loss_momentum","initial_stop_loss_abs":17448.17,"initial_stop_loss_ratio":-0.28,"stop_loss_abs":17448.17,"stop_loss_ratio":-0.28,"min_rate":23890.0,"max_rate":24500.0,"is_open":false,"enter_tag":"mom_macd_rsi","leverage":1.0,"is_short":false,"open_timestamp":1678720200000,"close_timestamp":1678722600000,"orders":[{"amount":0.00268,"safe_price":24233.56,"ft_order_side":"buy","order_filled_timestamp":1678720200000,"ft_is_entry":true,"ft_order_tag":"mom_macd_rsi","cost":65.01088674079999},{"amount":0.00268,"safe_price":23922.76,"ft_order_side":"sell","order_filled_timestamp":1678722600000,"ft_is_entry":false,"ft_order_tag":"mom_loss_momentum","cost":64.1771097968}],"funding_fees":0.0},{"pair":"BTC/USDT","stake_amount":69.6932124,"max_stake_amount":69.6932124,"amount":0.00268,"open_date":"2023-03-14 12:55:00+00:00","close_date":"2023-03-14 13:45:00+00:00","open_rate":26004.93,"close_rate":25898.14,"fee_open":0.001,"fee_close":0.001,"trade_duration":50,"profit_ratio":-0.006096326210420993,"profit_abs":-0.42529743,"exit_reason":"mom_loss_momentum","initial_stop_loss_abs":18723.55,"initial_stop_loss_ratio":-0.28,"stop_loss_abs":18723.55,"stop_loss_ratio":-0.28,"min_rate":25667.99,"max_rate":26386.87,"is_open":false,"enter_tag":"mom_macd_rsi","leverage":1.0,"is_short":false,"open_timestamp":1678798500000,"close_timestamp":1678801500000,"orders":[{"amount":0.00268,"safe_price":26004.93,"ft_order_side":"buy","order_filled_timestamp":1678798500000,"ft_is_entry":true,"ft_order_tag":"mom_macd_rsi","cost":69.7629056124},{"amount":0.00268,"safe_price":25898.14,"ft_order_side":"sell","order_filled_timestamp":1678801500000,"ft_is_entry":false,"ft_order_tag":"mom_loss_momentum","cost":69.47642221519999}],"funding_fees":0.0},{"pair":"ETH/USDT","stake_amount":64.838466,"max_stake_amount":64.838466,"amount":0.0369,"open_date":"2023-03-14 13:10:00+00:00","close_date":"2023-03-14 13:45:00+00:00","open_rate":1757.14,"close_rate":1738.72,"fee_open":0.001,"fee_close":0.001,"trade_duration":35,"profit_ratio":-0.012460000868270737,"profit_abs":-0.80869523,"exit_reason":"mom_loss_momentum","initial_stop_loss_abs":1265.15,"initial_stop_loss_ratio":-0.28,"stop_loss_abs":1265.15,"stop_loss_ratio":-0.28,"min_rate":1730.36,"max_rate":1763.8,"is_open":false,"enter_tag":"mom_macd_rsi","leverage":1.0,"is_short":false,"open_timestamp":1678799400000,"close_timestamp":1678801500000,"orders":[{"amount":0.0369,"safe_price":1757.14,"ft_order_side":"buy","order_filled_timestamp":1678799400000,"ft_is_entry":true,"ft_order_tag":"mom_macd_rsi","cost":64.90330446600001},{"amount":0.0369,"safe_price":1738.72,"ft_order_side":"sell","order_filled_timestamp":1678801500000,"ft_is_entry":false,"ft_order_tag":"mom_loss_momentum","cost":64.22292676800001}],"funding_fees":0.0},{"pair":"BTC/USDT","stake_amount":69.5960508,"max_stake_amount":69.5960508,"amount":0.00254,"open_date":"2023-03-22 21:10:00+00:00","close_date":"2023-03-22 22:00:00+00:00","open_rate":27400.02,"close_rate":27083.55,"fee_open":0.001,"fee_close":0.001,"trade_duration":50,"profit_ratio":-0.01352491669269816,"profit_abs":-0.94222207,"exit_reason":"mom_loss_momentum","initial_stop_loss_abs":19728.02,"initial_stop_loss_ratio":-0.28,"stop_loss_abs":19728.02,"stop_loss_ratio":-0.28,"min_rate":27059.08,"max_rate":27415.0,"is_open":false,"enter_tag":"mom_macd_rsi","leverage":1.0,"is_short":false,"open_timestamp":1679519400000,"close_timestamp":1679522400000,"orders":[{"amount":0.00254,"safe_price":27400.02,"ft_order_side":"buy","order_filled_timestamp":1679519400000,"ft_is_entry":true,"ft_order_tag":"mom_macd_rsi","cost":69.66564685079999},{"amount":0.00254,"safe_price":27083.55,"ft_order_side":"sell","order_filled_timestamp":1679522400000,"ft_is_entry":false,"ft_order_tag":"mom_loss_momentum","cost":68.861009217}],"funding_fees":0.0},{"pair":"ETH/USDT","stake_amount":69.533478,"max_stake_amount":69.533478,"amount":0.0378,"open_date":"2023-03-23 15:20:00+00:00","close_date":"2023-03-23 16:10:00+00:00","open_rate":1839.51,"close_rate":1834.06,"fee_open":0.001,"fee_close":0.001,"trade_duration":50,"profit_ratio":-0.004954827997765675,"profit_abs":-0.34487095,"exit_reason":"mom_loss_momentum","initial_stop_loss_abs":1324.45,"initial_stop_loss_ratio":-0.28,"stop_loss_abs":1324.45,"stop_loss_ratio":-0.28,"min_rate":1825.18,"max_rate":1847.48,"is_open":false,"enter_tag":"mom_macd_rsi","leverage":1.0,"is_short":false,"open_timestamp":1679584800000,"close_timestamp":1679587800000,"orders":[{"amount":0.0378,"safe_price":1839.51,"ft_order_side":"buy","order_filled_timestamp":1679584800000,"ft_is_entry":true,"ft_order_tag":"mom_macd_rsi","cost":69.603011478},{"amount":0.0378,"safe_price":1834.06,"ft_order_side":"sell","order_filled_timestamp":1679587800000,"ft_is_entry":false,"ft_order_tag":"mom_loss_momentum","cost":69.396795468}],"funding_fees":0.0},{"pair":"BTC/USDT","stake_amount":69.4438954,"max_stake_amount":69.4438954,"amount":0.00253,"open_date":"2023-05-10 18:40:00+00:00","close_date":"2023-05-10 21:10:00+00:00","open_rate":27448.18,"close_rate":27772.94,"fee_open":0.001,"fee_close":0.001,"trade_duration":150,"profit_ratio":0.009810108058571234,"profit_abs":0.68193337,"exit_reason":"mom_loss_momentum","initial_stop_loss_abs":19762.69,"initial_stop_loss_ratio":-0.28,"stop_loss_abs":19762.69,"stop_loss_ratio":-0.28,"min_rate":27389.18,"max_rate":27982.23,"is_open":false,"enter_tag":"mom_macd_rsi","leverage":1.0,"is_short":false,"open_timestamp":1683744000000,"close_timestamp":1683753000000,"orders":[{"amount":0.00253,"safe_price":27448.18,"ft_order_side":"buy","order_filled_timestamp":1683744000000,"ft_is_entry":true,"ft_order_tag":"mom_macd_rsi","cost":69.5133392954},{"amount":0.00253,"safe_price":27772.94,"ft_order_side":"sell","order_filled_timestamp":1683753000000,"ft_is_entry":false,"ft_order_tag":"mom_loss_momentum","cost":70.33580373819998}],"funding_fees":0.0},{"pair":"ETH/USDT","stake_amount":69.67217,"max_stake_amount":69.67217,"amount":0.0358,"open_date":"2023-06-30 17:45:00+00:00","close_date":"2023-06-30 18:10:00+00:00","open_rate":1946.15,"close_rate":1927.13,"fee_open":0.001,"fee_close":0.001,"trade_duration":25,"profit_ratio":-0.011751617027870085,"profit_abs":-0.81957942,"exit_reason":"mom_loss_momentum","initial_stop_loss_abs":1401.23,"initial_stop_loss_ratio":-0.28,"stop_loss_abs":1401.23,"stop_loss_ratio":-0.28,"min_rate":1923.71,"max_rate":1948.6,"is_open":false,"enter_tag":"mom_macd_rsi","leverage":1.0,"is_short":false,"open_timestamp":1688147100000,"close_timestamp":1688148600000,"orders":[{"amount":0.0358,"safe_price":1946.15,"ft_order_side":"buy","order_filled_timestamp":1688147100000,"ft_is_entry":true,"ft_order_tag":"mom_macd_rsi","cost":69.74184216999998},{"amount":0.0358,"safe_price":1927.13,"ft_order_side":"sell","order_filled_timestamp":1688148600000,"ft_is_entry":false,"ft_order_tag":"mom_loss_momentum","cost":69.060245254}],"funding_fees":0.0},{"pair":"ETH/USDT","stake_amount":69.486947,"max_stake_amount":69.486947,"amount":0.0349,"open_date":"2023-07-13 17:40:00+00:00","close_date":"2023-07-13 18:30:00+00:00","open_rate":1991.03,"close_rate":1990.55,"fee_open":0.001,"fee_close":0.001,"trade_duration":50,"profit_ratio":-0.0022386015378339534,"profit_abs":-0.15570914,"exit_reason":"mom_loss_momentum","initial_stop_loss_abs":1433.55,"initial_stop_loss_ratio":-0.28,"stop_loss_abs":1433.55,"stop_loss_ratio":-0.28,"min_rate":1978.38,"max_rate":2012.63,"is_open":false,"enter_tag":"mom_macd_rsi","leverage":1.0,"is_short":false,"open_timestamp":1689270000000,"close_timestamp":1689273000000,"orders":[{"amount":0.0349,"safe_price":1991.03,"ft_order_side":"buy","order_filled_timestamp":1689270000000,"ft_is_entry":true,"ft_order_tag":"mom_macd_rsi","cost":69.55643394699999},{"amount":0.0349,"safe_price":1990.55,"ft_order_side":"sell","order_filled_timestamp":1689273000000,"ft_is_entry":false,"ft_order_tag":"mom_loss_momentum","cost":69.539665195}],"funding_fees":0.0},{"pair":"BTC/USDT","stake_amount":69.50006,"max_stake_amount":69.50006,"amount":0.00259,"open_date":"2023-08-17 23:05:00+00:00","close_date":"2023-08-18 00:20:00+00:00","open_rate":26834.0,"close_rate":26759.8,"fee_open":0.001,"fee_close":0.001,"trade_duration":75,"profit_ratio":-0.004757625888600452,"profit_abs":-0.33098594,"exit_reason":"mom_loss_momentum","initial_stop_loss_abs":19320.48,"initial_stop_loss_ratio":-0.28,"stop_loss_abs":19320.48,"stop_loss_ratio":-0.28,"min_rate":26458.67,"max_rate":27000.0,"is_open":false,"enter_tag":"mom_macd_rsi","leverage":1.0,"is_short":false,"open_timestamp":1692313500000,"close_timestamp":1692318000000,"orders":[{"amount":0.00259,"safe_price":26834.0,"ft_order_side":"buy","order_filled_timestamp":1692313500000,"ft_is_entry":true,"ft_order_tag":"mom_macd_rsi","cost":69.56956005999999},{"amount":0.00259,"safe_price":26759.8,"ft_order_side":"sell","order_filled_timestamp":1692318000000,"ft_is_entry":false,"ft_order_tag":"mom_loss_momentum","cost":69.37718988199998}],"funding_fees":0.0},{"pair":"ETH/USDT","stake_amount":64.661034,"max_stake_amount":64.661034,"amount":0.0381,"open_date":"2023-08-17 23:05:00+00:00","close_date":"2023-08-18 00:25:00+00:00","open_rate":1697.14,"close_rate":1695.85,"fee_open":0.001,"fee_close":0.001,"trade_duration":80,"profit_ratio":-0.0027565856172927323,"profit_abs":-0.17842192,"exit_reason":"mom_loss_momentum","initial_stop_loss_abs":1221.95,"initial_stop_loss_ratio":-0.28,"stop_loss_abs":1221.95,"stop_loss_ratio":-0.28,"min_rate":1675.62,"max_rate":1717.69,"is_open":false,"enter_tag":"mom_macd_rsi","leverage":1.0,"is_short":false,"open_timestamp":1692313500000,"close_timestamp":1692318300000,"orders":[{"amount":0.0381,"safe_price":1697.14,"ft_order_side":"buy","order_filled_timestamp":1692313500000,"ft_is_entry":true,"ft_order_tag":"mom_macd_rsi","cost":64.725695034},{"amount":0.0381,"safe_price":1695.85,"ft_order_side":"sell","order_filled_timestamp":1692318300000,"ft_is_entry":false,"ft_order_tag":"mom_loss_momentum","cost":64.67649688499999}],"funding_fees":0.0},{"pair":"BTC/USDT","stake_amount":69.4208592,"max_stake_amount":69.4208592,"amount":0.00252,"open_date":"2023-08-29 14:45:00+00:00","close_date":"2023-08-29 15:35:00+00:00","open_rate":27547.96,"close_rate":27409.77,"fee_open":0.001,"fee_close":0.001,"trade_duration":50,"profit_ratio":-0.007004321749535966,"profit_abs":-0.48673228,"exit_reason":"mom_loss_momentum","initial_stop_loss_abs":19834.54,"initial_stop_loss_ratio":-0.28,"stop_loss_abs":19834.54,"stop_loss_ratio":-0.28,"min_rate":27231.52,"max_rate":27692.0,"is_open":false,"enter_tag":"mom_macd_rsi","leverage":1.0,"is_short":false,"open_timestamp":1693320300000,"close_timestamp":1693323300000,"orders":[{"amount":0.00252,"safe_price":27547.96,"ft_order_side":"buy","order_filled_timestamp":1693320300000,"ft_is_entry":true,"ft_order_tag":"mom_macd_rsi","cost":69.49028005919999},{"amount":0.00252,"safe_price":27409.77,"ft_order_side":"sell","order_filled_timestamp":1693323300000,"ft_is_entry":false,"ft_order_tag":"mom_loss_momentum","cost":69.1416930204}],"funding_fees":0.0},{"pair":"BTC/USDT","stake_amount":69.4910694,"max_stake_amount":69.4910694,"amount":0.00249,"open_date":"2023-08-29 16:30:00+00:00","close_date":"2023-08-29 16:40:00+00:00","open_rate":27908.06,"close_rate":27782.36,"fee_open":0.001,"fee_close":0.001,"trade_duration":10,"profit_ratio":-0.006493078074014199,"profit_abs":-0.45166215,"exit_reason":"mom_loss_momentum","initial_stop_loss_abs":20093.81,"initial_stop_loss_ratio":-0.28,"stop_loss_abs":20093.81,"stop_loss_ratio":-0.28,"min_rate":27759.77,"max_rate":27930.0,"is_open":false,"enter_tag":"mom_macd_rsi","leverage":1.0,"is_short":false,"open_timestamp":1693326600000,"close_timestamp":1693327200000,"orders":[{"amount":0.00249,"safe_price":27908.06,"ft_order_side":"buy","order_filled_timestamp":1693326600000,"ft_is_entry":true,"ft_order_tag":"mom_macd_rsi","cost":69.56056046939999},{"amount":0.00249,"safe_price":27782.36,"ft_order_side":"sell","order_filled_timestamp":1693327200000,"ft_is_entry":false,"ft_order_tag":"mom_loss_momentum","cost":69.2472544764}],"funding_fees":0.0},{"pair":"BTC/USDT","stake_amount":69.4264545,"max_stake_amount":69.4264545,"amount":0.00207,"open_date":"2023-10-23 22:50:00+00:00","close_date":"2023-10-23 23:35:00+00:00","open_rate":33539.35,"close_rate":32900.2,"fee_open":0.001,"fee_close":0.001,"trade_duration":45,"profit_ratio":-0.02101664659746176,"profit_abs":-1.46057037,"exit_reason":"mom_loss_momentum","initial_stop_loss_abs":24148.34,"initial_stop_loss_ratio":-0.28,"stop_loss_abs":24148.34,"stop_loss_ratio":-0.28,"min_rate":32500.0,"max_rate":33586.11,"is_open":false,"enter_tag":"mom_macd_rsi","leverage":1.0,"is_short":false,"open_timestamp":1698101400000,"close_timestamp":1698104100000,"orders":[{"amount":0.00207,"safe_price":33539.35,"ft_order_side":"buy","order_filled_timestamp":1698101400000,"ft_is_entry":true,"ft_order_tag":"mom_macd_rsi","cost":69.49588095449998},{"amount":0.00207,"safe_price":32900.2,"ft_order_side":"sell","order_filled_timestamp":1698104100000,"ft_is_entry":false,"ft_order_tag":"mom_loss_momentum","cost":68.17151741399998}],"funding_fees":0.0},{"pair":"BTC/USDT","stake_amount":69.4070793,"max_stake_amount":69.4070793,"amount":0.00207,"open_date":"2023-10-24 00:35:00+00:00","close_date":"2023-10-24 01:25:00+00:00","open_rate":33529.99,"close_rate":33742.61,"fee_open":0.001,"fee_close":0.001,"trade_duration":50,"profit_ratio":0.004330517210634902,"profit_abs":0.30086912,"exit_reason":"mom_loss_momentum","initial_stop_loss_abs":24141.6,"initial_stop_loss_ratio":-0.28,"stop_loss_abs":24141.6,"stop_loss_ratio":-0.28,"min_rate":33401.73,"max_rate":33866.0,"is_open":false,"enter_tag":"mom_macd_rsi","leverage":1.0,"is_short":false,"open_timestamp":1698107700000,"close_timestamp":1698110700000,"orders":[{"amount":0.00207,"safe_price":33529.99,"ft_order_side":"buy","order_filled_timestamp":1698107700000,"ft_is_entry":true,"ft_order_tag":"mom_macd_rsi","cost":69.47648637929998},{"amount":0.00207,"safe_price":33742.61,"ft_order_side":"sell","order_filled_timestamp":1698110700000,"ft_is_entry":false,"ft_order_tag":"mom_loss_momentum","cost":69.91704990269999}],"funding_fees":0.0},{"pair":"BTC/USDT","stake_amount":69.1911594,"max_stake_amount":69.1911594,"amount":0.00198,"open_date":"2023-10-24 02:25:00+00:00","close_date":"2023-10-24 02:55:00+00:00","open_rate":34945.03,"close_rate":34585.22,"fee_open":0.001,"fee_close":0.001,"trade_duration":30,"profit_ratio":-0.012273886619602527,"profit_abs":-0.85009369,"exit_reason":"mom_loss_momentum","initial_stop_loss_abs":25160.43,"initial_stop_loss_ratio":-0.28,"stop_loss_abs":25160.43,"stop_loss_ratio":-0.28,"min_rate":34385.02,"max_rate":35280.0,"is_open":false,"enter_tag":"mom_macd_rsi","leverage":1.0,"is_short":false,"open_timestamp":1698114300000,"close_timestamp":1698116100000,"orders":[{"amount":0.00198,"safe_price":34945.03,"ft_order_side":"buy","order_filled_timestamp":1698114300000,"ft_is_entry":true,"ft_order_tag":"mom_macd_rsi","cost":69.2603505594},{"amount":0.00198,"safe_price":34585.22,"ft_order_side":"sell","order_filled_timestamp":1698116100000,"ft_is_entry":false,"ft_order_tag":"mom_loss_momentum","cost":68.5472143356}],"funding_fees":0.0},{"pair":"ETH/USDT","stake_amount":69.2019,"max_stake_amount":69.2019,"amount":0.034,"open_date":"2023-11-09 15:10:00+00:00","close_date":"2023-11-09 16:10:00+00:00","open_rate":2035.35,"close_rate":2036.03,"fee_open":0.001,"fee_close":0.001,"trade_duration":60,"profit_ratio":-0.0016645746471083635,"profit_abs":-0.11530692,"exit_reason":"mom_loss_momentum","initial_stop_loss_abs":1465.46,"initial_stop_loss_ratio":-0.28,"stop_loss_abs":1465.46,"stop_loss_ratio":-0.28,"min_rate":1975.0,"max_rate":2050.86,"is_open":false,"enter_tag":"mom_macd_rsi","leverage":1.0,"is_short":false,"open_timestamp":1699542600000,"close_timestamp":1699546200000,"orders":[{"amount":0.034,"safe_price":2035.35,"ft_order_side":"buy","order_filled_timestamp":1699542600000,"ft_is_entry":true,"ft_order_tag":"mom_macd_rsi","cost":69.27110189999999},{"amount":0.034,"safe_price":2036.03,"ft_order_side":"sell","order_filled_timestamp":1699546200000,"ft_is_entry":false,"ft_order_tag":"mom_loss_momentum","cost":69.29424501999999}],"funding_fees":0.0},{"pair":"BTC/USDT","stake_amount":69.0754391,"max_stake_amount":69.0754391,"amount":0.00163,"open_date":"2023-12-11 03:35:00+00:00","close_date":"2023-12-11 04:35:00+00:00","open_rate":42377.57,"close_rate":42104.99,"fee_open":0.001,"fee_close":0.001,"trade_duration":60,"profit_ratio":-0.008417326723306194,"profit_abs":-0.58201197,"exit_reason":"mom_loss_momentum","initial_stop_loss_abs":30511.86,"initial_stop_loss_ratio":-0.28,"stop_loss_abs":30511.86,"stop_loss_ratio":-0.28,"min_rate":42001.58,"max_rate":42550.0,"is_open":false,"enter_tag":"mom_macd_rsi","leverage":1.0,"is_short":false,"open_timestamp":1702265700000,"close_timestamp":1702269300000,"orders":[{"amount":0.00163,"safe_price":42377.57,"ft_order_side":"buy","order_filled_timestamp":1702265700000,"ft_is_entry":true,"ft_order_tag":"mom_macd_rsi","cost":69.14451453909999},{"amount":0.00163,"safe_price":42104.99,"ft_order_side":"sell","order_filled_timestamp":1702269300000,"ft_is_entry":false,"ft_order_tag":"mom_loss_momentum","cost":68.69976483369999}],"funding_fees":0.0},{"pair":"ETH/USDT","stake_amount":64.371804,"max_stake_amount":64.371804,"amount":0.0287,"open_date":"2023-12-11 03:35:00+00:00","close_date":"2023-12-11 04:35:00+00:00","open_rate":2242.92,"close_rate":2237.86,"fee_open":0.001,"fee_close":0.001,"trade_duration":60,"profit_ratio":-0.004249482322366532,"profit_abs":-0.27382039,"exit_reason":"mom_loss_momentum","initial_stop_loss_abs":1614.91,"initial_stop_loss_ratio":-0.28,"stop_loss_abs":1614.91,"stop_loss_ratio":-0.28,"min_rate":2234.6,"max_rate":2257.35,"is_open":false,"enter_tag":"mom_macd_rsi","leverage":1.0,"is_short":false,"open_timestamp":1702265700000,"close_timestamp":1702269300000,"orders":[{"amount":0.0287,"safe_price":2242.92,"ft_order_side":"buy","order_filled_timestamp":1702265700000,"ft_is_entry":true,"ft_order_tag":"mom_macd_rsi","cost":64.43617580399999},{"amount":0.0287,"safe_price":2237.86,"ft_order_side":"sell","order_filled_timestamp":1702269300000,"ft_is_entry":false,"ft_order_tag":"mom_loss_momentum","cost":64.290808582}],"funding_fees":0.0}],"locks":[],"best_pair":{"key":"ETH/USDT","trades":15,"profit_mean":-0.0048984359632329045,"profit_mean_pct":-0.49,"profit_total_abs":-4.965544390000001,"profit_total":-0.004965544390000001,"profit_total_pct":-0.5,"duration_avg":"0:44:00","wins":2,"draws":0,"losses":13,"winrate":0.13333333333333333,"cagr":-0.004992834349747621,"expectancy":-0.3310362926666667,"expectancy_ratio":-0.8040111307904407,"sortino":-0.9658785888481911,"sharpe":-0.7919733315682804,"calmar":-5.263078009515932,"sqn":-3.7536,"profit_factor":0.07229484908795292,"max_drawdown_account":0.004965544389999991,"max_drawdown_abs":4.965544390000001},"worst_pair":{"key":"BTC/USDT","trades":15,"profit_mean":-0.004898231239507647,"profit_mean_pct":-0.49,"profit_total_abs":-5.04258671,"profit_total":-0.00504258671,"profit_total_pct":-0.5,"duration_avg":"0:51:00","wins":3,"draws":0,"losses":12,"winrate":0.2,"cagr":-0.005070299004200973,"expectancy":-0.33617244733333335,"expectancy_ratio":-0.4928999319290507,"sortino":-0.6914260857498903,"sharpe":-0.31174150247895915,"calmar":-4.819926965653724,"sqn":-1.4775,"profit_factor":0.3838750850886866,"max_drawdown_account":0.005506209412216416,"max_drawdown_abs":5.50877635},"results_per_pair":[{"key":"ETH/USDT","trades":15,"profit_mean":-0.0048984359632329045,"profit_mean_pct":-0.49,"profit_total_abs":-4.965544390000001,"profit_total":-0.004965544390000001,"profit_total_pct":-0.5,"duration_avg":"0:44:00","wins":2,"draws":0,"losses":13,"winrate":0.13333333333333333,"cagr":-0.004992834349747621,"expectancy":-0.3310362926666667,"expectancy_ratio":-0.8040111307904407,"sortino":-0.9658785888481911,"sharpe":-0.7919733315682804,"calmar":-5.263078009515932,"sqn":-3.7536,"profit_factor":0.07229484908795292,"max_drawdown_account":0.004965544389999991,"max_drawdown_abs":4.965544390000001},{"key":"BTC/USDT","trades":15,"profit_mean":-0.004898231239507647,"profit_mean_pct":-0.49,"profit_total_abs":-5.04258671,"profit_total":-0.00504258671,"profit_total_pct":-0.5,"duration_avg":"0:51:00","wins":3,"draws":0,"losses":12,"winrate":0.2,"cagr":-0.005070299004200973,"expectancy":-0.33617244733333335,"expectancy_ratio":-0.4928999319290507,"sortino":-0.6914260857498903,"sharpe":-0.31174150247895915,"calmar":-4.819926965653724,"sqn":-1.4775,"profit_factor":0.3838750850886866,"max_drawdown_account":0.005506209412216416,"max_drawdown_abs":5.50877635},{"key":"TOTAL","trades":30,"profit_mean":-0.004898333601370275,"profit_mean_pct":-0.49,"profit_total_abs":-10.0081311,"profit_total":-0.0100081311,"profit_total_pct":-1.0,"duration_avg":"0:48:00","wins":5,"draws":0,"losses":25,"winrate":0.16666666666666666,"cagr":-0.010062993942525855,"expectancy":-0.3336043700000001,"expectancy_ratio":-0.6161036563832508,"sortino":-1.4779156501959427,"sharpe":-0.8158511699336447,"calmar":-5.263078009515915,"sqn":-2.7826,"profit_factor":0.26067561234009906,"max_drawdown_account":0.010008131100000013,"max_drawdown_abs":10.0081311}],"results_per_enter_tag":[{"key":"mom_macd_rsi","trades":30,"profit_mean":-0.004898333601370275,"profit_mean_pct":-0.49,"profit_total_abs":-10.0081311,"profit_total":-0.0100081311,"profit_total_pct":-1.0,"duration_avg":"0:48:00","wins":5,"draws":0,"losses":25,"winrate":0.16666666666666666,"cagr":-0.010062993942525855,"expectancy":-0.3336043700000001,"expectancy_ratio":-0.6161036563832508,"sortino":-1.4779156501959427,"sharpe":-0.8158511699336447,"calmar":-5.263078009515915,"sqn":-2.7826,"profit_factor":0.26067561234009906,"max_drawdown_account":0.010008131100000013,"max_drawdown_abs":10.0081311},{"key":"TOTAL","trades":30,"profit_mean":-0.004898333601370275,"profit_mean_pct":-0.49,"profit_total_abs":-10.0081311,"profit_total":-0.0100081311,"profit_total_pct":-1.0,"duration_avg":"0:48:00","wins":5,"draws":0,"losses":25,"winrate":0.16666666666666666,"cagr":-0.010062993942525855,"expectancy":-0.3336043700000001,"expectancy_ratio":-0.6161036563832508,"sortino":-1.4779156501959427,"sharpe":-0.8158511699336447,"calmar":-5.263078009515915,"sqn":-2.7826,"profit_factor":0.26067561234009906,"max_drawdown_account":0.010008131100000013,"max_drawdown_abs":10.0081311}],"exit_reason_summary":[{"key":"trailing_stop_loss","trades":1,"profit_mean":0.03100102120531374,"profit_mean_pct":3.1,"profit_total_abs":2.15896853,"profit_total":0.0021589685300000003,"profit_total_pct":0.22,"duration_avg":"0:40:00","wins":1,"draws":0,"losses":0,"winrate":1.0,"cagr":0.002170876575552816,"expectancy":2.15896853,"expectancy_ratio":100.0,"sortino":-100,"sharpe":-100,"calmar":-100,"sqn":-100.0,"profit_factor":0.0,"max_drawdown_account":0.0,"max_drawdown_abs":0.0},{"key":"mom_loss_momentum","trades":29,"profit_mean":-0.006136242387807654,"profit_mean_pct":-0.61,"profit_total_abs":-12.16709963,"profit_total":-0.012167099629999999,"profit_total_pct":-1.22,"duration_avg":"0:48:00","wins":4,"draws":0,"losses":25,"winrate":0.13793103448275862,"cagr":-0.012233724261566548,"expectancy":-0.4195551596551724,"expectancy_ratio":-0.7748383749229971,"sortino":-1.7967337538844057,"sharpe":-1.3987814932802756,"calmar":-5.263078009515899,"sqn":-4.8494,"profit_factor":0.10118748508932333,"max_drawdown_account":0.012167099630000053,"max_drawdown_abs":12.16709963},{"key":"TOTAL","trades":30,"profit_mean":-0.004898333601370275,"profit_mean_pct":-0.49,"profit_total_abs":-10.0081311,"profit_total":-0.0100081311,"profit_total_pct":-1.0,"duration_avg":"0:48:00","wins":5,"draws":0,"losses":25,"winrate":0.16666666666666666,"cagr":-0.010062993942525855,"expectancy":-0.3336043700000001,"expectancy_ratio":-0.6161036563832508,"sortino":-1.4779156501959427,"sharpe":-0.8158511699336447,"calmar":-5.263078009515915,"sqn":-2.7826,"profit_factor":0.26067561234009906,"max_drawdown_account":0.010008131100000013,"max_drawdown_abs":10.0081311}],"mix_tag_stats":[{"key":["mom_macd_rsi","trailing_stop_loss"],"trades":1,"profit_mean":0.03100102120531374,"profit_mean_pct":3.1,"profit_total_abs":2.15896853,"profit_total":0.0021589685300000003,"profit_total_pct":0.22,"duration_avg":"0:40:00","wins":1,"draws":0,"losses":0,"winrate":1.0,"cagr":0.002170876575552816,"expectancy":2.15896853,"expectancy_ratio":100.0,"sortino":-100,"sharpe":-100,"calmar":-100,"sqn":-100.0,"profit_factor":0.0,"max_drawdown_account":0.0,"max_drawdown_abs":0.0},{"key":["mom_macd_rsi","mom_loss_momentum"],"trades":29,"profit_mean":-0.006136242387807654,"profit_mean_pct":-0.61,"profit_total_abs":-12.16709963,"profit_total":-0.012167099629999999,"profit_total_pct":-1.22,"duration_avg":"0:48:00","wins":4,"draws":0,"losses":25,"winrate":0.13793103448275862,"cagr":-0.012233724261566548,"expectancy":-0.4195551596551724,"expectancy_ratio":-0.7748383749229971,"sortino":-1.7967337538844057,"sharpe":-1.3987814932802756,"calmar":-5.263078009515899,"sqn":-4.8494,"profit_factor":0.10118748508932333,"max_drawdown_account":0.012167099630000053,"max_drawdown_abs":12.16709963},{"key":"TOTAL","trades":30,"profit_mean":-0.004898333601370275,"profit_mean_pct":-0.49,"profit_total_abs":-10.0081311,"profit_total":-0.0100081311,"profit_total_pct":-1.0,"duration_avg":"0:48:00","wins":5,"draws":0,"losses":25,"winrate":0.16666666666666666,"cagr":-0.010062993942525855,"expectancy":-0.3336043700000001,"expectancy_ratio":-0.6161036563832508,"sortino":-1.4779156501959427,"sharpe":-0.8158511699336447,"calmar":-5.263078009515915,"sqn":-2.7826,"profit_factor":0.26067561234009906,"max_drawdown_account":0.010008131100000013,"max_drawdown_abs":10.0081311}],"left_open_trades":[{"key":"TOTAL","trades":0,"profit_mean":0.0,"profit_mean_pct":0.0,"profit_total_abs":0.0,"profit_total":0.0,"profit_total_pct":0.0,"duration_avg":"0:00","wins":0,"draws":0,"losses":0,"winrate":0.0,"cagr":0.0,"expectancy":0.0,"expectancy_ratio":100.0,"sortino":0,"sharpe":0,"calmar":0,"sqn":0.0,"profit_factor":0.0,"max_drawdown_account":0.0,"max_drawdown_abs":0.0}],"total_trades":30,"trade_count_long":30,"trade_count_short":0,"total_volume":4103.930136305999,"avg_stake_amount":68.42897678000001,"profit_mean":-0.004898333601370275,"profit_median":-0.005525577104093334,"profit_total":-0.0100081311,"profit_total_long":-0.0100081311,"profit_total_short":0.0,"profit_total_abs":-10.0081311,"profit_total_long_abs":-10.0081311,"profit_total_short_abs":0.0,"cagr":-0.010062993942525855,"expectancy":-0.3336043700000001,"expectancy_ratio":-0.6161036563832508,"sortino":-1.4779156501959427,"sharpe":-0.8158511699336447,"calmar":-5.263078009515915,"sqn":-2.7826,"profit_factor":0.26067561234009906,"backtest_start":"2023-01-01 16:40:00","backtest_start_ts":1672591200000,"backtest_end":"2023-12-31 00:00:00","backtest_end_ts":1703980800000,"backtest_days":363,"backtest_run_start_ts":1755309224,"backtest_run_end_ts":1755309227,"trades_per_day":0.08,"market_change":1.2323704633723986,"pairlist":["BTC/USDT","ETH/USDT"],"stake_amount":"unlimited","stake_currency":"USDT","stake_currency_decimals":3,"starting_balance":1000,"dry_run_wallet":1000,"final_balance":989.9918689,"rejected_signals":0,"timedout_entry_orders":0,"timedout_exit_orders":0,"canceled_trade_entries":0,"canceled_entry_orders":0,"replaced_entry_orders":0,"max_open_trades":2,"max_open_trades_setting":3,"timeframe":"5m","timeframe_detail":"","timerange":"20230101-20231231","enable_protections":false,"strategy_name":"MomentumMacdRsiStrategy","stoploss":-0.28,"trailing_stop":true,"trailing_stop_positive":0.01,"trailing_stop_positive_offset":0.03,"trailing_only_offset_is_reached":true,"use_custom_stoploss":false,"minimal_roi":{"0":0.184,"37":0.056,"88":0.04,"157":0},"use_exit_signal":true,"exit_profit_only":false,"exit_profit_offset":0.0,"ignore_roi_if_entry_signal":false,"trading_mode":"spot","margin_mode":"","periodic_breakdown":{"day":[{"date":"12/01/2023","date_ts":1673481600000,"profit_abs":-0.77397895,"wins":0,"draws":0,"losses":1,"trades":1,"profit_factor":0.0},{"date":"13/01/2023","date_ts":1673568000000,"profit_abs":0.0,"wins":0,"draws":0,"losses":0,"trades":0,"profit_factor":0.0},{"date":"14/01/2023","date_ts":1673654400000,"profit_abs":-1.45596675,"wins":0,"draws":0,"losses":2,"trades":2,"profit_factor":0.0},{"date":"15/01/2023","date_ts":1673740800000,"profit_abs":0.0,"wins":0,"draws":0,"losses":0,"trades":0,"profit_factor":0.0},{"date":"16/01/2023","date_ts":1673827200000,"profit_abs":0.0,"wins":0,"draws":0,"losses":0,"trades":0,"profit_factor":0.0},{"date":"17/01/2023","date_ts":1673913600000,"profit_abs":0.0,"wins":0,"draws":0,"losses":0,"trades":0,"profit_factor":0.0},{"date":"18/01/2023","date_ts":1674000000000,"profit_abs":-0.67945781,"wins":0,"draws":0,"losses":1,"trades":1,"profit_factor":0.0},{"date":"19/01/2023","date_ts":1674086400000,"profit_abs":0.0,"wins":0,"draws":0,"losses":0,"trades":0,"profit_factor":0.0},{"date":"20/01/2023","date_ts":1674172800000,"profit_abs":0.0,"wins":0,"draws":0,"losses":0,"trades":0,"profit_factor":0.0},{"date":"21/01/2023","date_ts":1674259200000,"profit_abs":0.0,"wins":0,"draws":0,"losses":0,"trades":0,"profit_factor":0.0},{"date":"22/01/2023","date_ts":1674345600000,"profit_abs":0.0,"wins":0,"draws":0,"losses":0,"trades":0,"profit_factor":0.0},{"date":"23/01/2023","date_ts":1674432000000,"profit_abs":0.0,"wins":0,"draws":0,"losses":0,"trades":0,"profit_factor":0.0},{"date":"24/01/2023","date_ts":1674518400000,"profit_abs":0.0,"wins":0,"draws":0,"losses":0,"trades":0,"profit_factor":0.0},{"date":"25/01/2023","date_ts":1674604800000,"profit_abs":0.0,"wins":0,"draws":0,"losses":0,"trades":0,"profit_factor":0.0},{"date":"26/01/2023","date_ts":1674691200000,"profit_abs":0.0,"wins":0,"draws":0,"losses":0,"trades":0,"profit_factor":0.0},{"date":"27/01/2023","date_ts":1674777600000,"profit_abs":0.0,"wins":0,"draws":0,"losses":0,"trades":0,"profit_factor":0.0},{"date":"28/01/2023","date_ts":1674864000000,"profit_abs":0.0,"wins":0,"draws":0,"losses":0,"trades":0,"profit_factor":0.0},{"date":"29/01/2023","date_ts":1674950400000,"profit_abs":0.0,"wins":0,"draws":0,"losses":0,"trades":0,"profit_factor":0.0},{"date":"30/01/2023","date_ts":1675036800000,"profit_abs":0.0,"wins":0,"draws":0,"losses":0,"trades":0,"profit_factor":0.0},{"date":"31/01/2023","date_ts":1675123200000,"profit_abs":0.0,"wins":0,"draws":0,"losses":0,"trades":0,"profit_factor":0.0},{"date":"01/02/2023","date_ts":1675209600000,"profit_abs":-0.20036714,"wins":0,"draws":0,"losses":1,"trades":1,"profit_factor":0.0},{"date":"02/02/2023","date_ts":1675296000000,"profit_abs":0.0,"wins":0,"draws":0,"losses":0,"trades":0,"profit_factor":0.0},{"date":"03/02/2023","date_ts":1675382400000,"profit_abs":0.0,"wins":0,"draws":0,"losses":0,"trades":0,"profit_factor":0.0},{"date":"04/02/2023","date_ts":1675468800000,"profit_abs":0.0,"wins":0,"draws":0,"losses":0,"trades":0,"profit_factor":0.0},{"date":"05/02/2023","date_ts":1675555200000,"profit_abs":0.0,"wins":0,"draws":0,"losses":0,"trades":0,"profit_factor":0.0},{"date":"06/02/2023","date_ts":1675641600000,"profit_abs":0.0,"wins":0,"draws":0,"losses":0,"trades":0,"profit_factor":0.0},{"date":"07/02/2023","date_ts":1675728000000,"profit_abs":0.0,"wins":0,"draws":0,"losses":0,"trades":0,"profit_factor":0.0},{"date":"08/02/2023","date_ts":1675814400000,"profit_abs":0.0,"wins":0,"draws":0,"losses":0,"trades":0,"profit_factor":0.0},{"date":"09/02/2023","date_ts":1675900800000,"profit_abs":0.0,"wins":0,"draws":0,"losses":0,"trades":0,"profit_factor":0.0},{"date":"10/02/2023","date_ts":1675987200000,"profit_abs":0.0,"wins":0,"draws":0,"losses":0,"trades":0,"profit_factor":0.0},{"date":"11/02/2023","date_ts":1676073600000,"profit_abs":0.0,"wins":0,"draws":0,"losses":0,"trades":0,"profit_factor":0.0},{"date":"12/02/2023","date_ts":1676160000000,"profit_abs":0.0,"wins":0,"draws":0,"losses":0,"trades":0,"profit_factor":0.0},{"date":"13/02/2023","date_ts":1676246400000,"profit_abs":0.0,"wins":0,"draws":0,"losses":0,"trades":0,"profit_factor":0.0},{"date":"14/02/2023","date_ts":1676332800000,"profit_abs":0.0,"wins":0,"draws":0,"losses":0,"trades":0,"profit_factor":0.0},{"date":"15/02/2023","date_ts":1676419200000,"profit_abs":-1.13390685,"wins":0,"draws":0,"losses":2,"trades":2,"profit_factor":0.0},{"date":"16/02/2023","date_ts":1676505600000,"profit_abs":0.0,"wins":0,"draws":0,"losses":0,"trades":0,"profit_factor":0.0},{"date":"17/02/2023","date_ts":1676592000000,"profit_abs":0.0,"wins":0,"draws":0,"losses":0,"trades":0,"profit_factor":0.0},{"date":"18/02/2023","date_ts":1676678400000,"profit_abs":0.0,"wins":0,"draws":0,"losses":0,"trades":0,"profit_factor":0.0},{"date":"19/02/2023","date_ts":1676764800000,"profit_abs":0.0,"wins":0,"draws":0,"losses":0,"trades":0,"profit_factor":0.0},{"date":"20/02/2023","date_ts":1676851200000,"profit_abs":0.0,"wins":0,"draws":0,"losses":0,"trades":0,"profit_factor":0.0},{"date":"21/02/2023","date_ts":1676937600000,"profit_abs":0.0,"wins":0,"draws":0,"losses":0,"trades":0,"profit_factor":0.0},{"date":"22/02/2023","date_ts":1677024000000,"profit_abs":0.0,"wins":0,"draws":0,"losses":0,"trades":0,"profit_factor":0.0},{"date":"23/02/2023","date_ts":1677110400000,"profit_abs":0.0,"wins":0,"draws":0,"losses":0,"trades":0,"profit_factor":0.0},{"date":"24/02/2023","date_ts":1677196800000,"profit_abs":0.0,"wins":0,"draws":0,"losses":0,"trades":0,"profit_factor":0.0},{"date":"25/02/2023","date_ts":1677283200000,"profit_abs":0.0,"wins":0,"draws":0,"losses":0,"trades":0,"profit_factor":0.0},{"date":"26/02/2023","date_ts":1677369600000,"profit_abs":0.0,"wins":0,"draws":0,"losses":0,"trades":0,"profit_factor":0.0},{"date":"27/02/2023","date_ts":1677456000000,"profit_abs":0.0,"wins":0,"draws":0,"losses":0,"trades":0,"profit_factor":0.0},{"date":"28/02/2023","date_ts":1677542400000,"profit_abs":0.0,"wins":0,"draws":0,"losses":0,"trades":0,"profit_factor":0.0},{"date":"01/03/2023","date_ts":1677628800000,"profit_abs":0.0,"wins":0,"draws":0,"losses":0,"trades":0,"profit_factor":0.0},{"date":"02/03/2023","date_ts":1677715200000,"profit_abs":0.0,"wins":0,"draws":0,"losses":0,"trades":0,"profit_factor":0.0},{"date":"03/03/2023","date_ts":1677801600000,"profit_abs":0.03084946,"wins":1,"draws":0,"losses":1,"trades":2,"profit_factor":4.17041728},{"date":"04/03/2023","date_ts":1677888000000,"profit_abs":0.0,"wins":0,"draws":0,"losses":0,"trades":0,"profit_factor":0.0},{"date":"05/03/2023","date_ts":1677974400000,"profit_abs":0.0,"wins":0,"draws":0,"losses":0,"trades":0,"profit_factor":0.0},{"date":"06/03/2023","date_ts":1678060800000,"profit_abs":0.0,"wins":0,"draws":0,"losses":0,"trades":0,"profit_factor":0.0},{"date":"07/03/2023","date_ts":1678147200000,"profit_abs":0.0,"wins":0,"draws":0,"losses":0,"trades":0,"profit_factor":0.0},{"date":"08/03/2023","date_ts":1678233600000,"profit_abs":0.0,"wins":0,"draws":0,"losses":0,"trades":0,"profit_factor":0.0},{"date":"09/03/2023","date_ts":1678320000000,"profit_abs":0.0,"wins":0,"draws":0,"losses":0,"trades":0,"profit_factor":0.0},{"date":"10/03/2023","date_ts":1678406400000,"profit_abs":0.0,"wins":0,"draws":0,"losses":0,"trades":0,"profit_factor":0.0},{"date":"11/03/2023","date_ts":1678492800000,"profit_abs":0.0,"wins":0,"draws":0,"losses":0,"trades":0,"profit_factor":0.0},{"date":"12/03/2023","date_ts":1678579200000,"profit_abs":0.34637851,"wins":1,"draws":0,"losses":0,"trades":1,"profit_factor":0.0},{"date":"13/03/2023","date_ts":1678665600000,"profit_abs":1.10149581,"wins":1,"draws":0,"losses":2,"trades":3,"profit_factor":2.04163047},{"date":"14/03/2023","date_ts":1678752000000,"profit_abs":-1.23399266,"wins":0,"draws":0,"losses":2,"trades":2,"profit_factor":0.0},{"date":"15/03/2023","date_ts":1678838400000,"profit_abs":0.0,"wins":0,"draws":0,"losses":0,"trades":0,"profit_factor":0.0},{"date":"16/03/2023","date_ts":1678924800000,"profit_abs":0.0,"wins":0,"draws":0,"losses":0,"trades":0,"profit_factor":0.0},{"date":"17/03/2023","date_ts":1679011200000,"profit_abs":0.0,"wins":0,"draws":0,"losses":0,"trades":0,"profit_factor":0.0},{"date":"18/03/2023","date_ts":1679097600000,"profit_abs":0.0,"wins":0,"draws":0,"losses":0,"trades":0,"profit_factor":0.0},{"date":"19/03/2023","date_ts":1679184000000,"profit_abs":0.0,"wins":0,"draws":0,"losses":0,"trades":0,"profit_factor":0.0},{"date":"20/03/2023","date_ts":1679270400000,"profit_abs":0.0,"wins":0,"draws":0,"losses":0,"trades":0,"profit_factor":0.0},{"date":"21/03/2023","date_ts":1679356800000,"profit_abs":0.0,"wins":0,"draws":0,"losses":0,"trades":0,"profit_factor":0.0},{"date":"22/03/2023","date_ts":1679443200000,"profit_abs":-0.94222207,"wins":0,"draws":0,"losses":1,"trades":1,"profit_factor":0.0},{"date":"23/03/2023","date_ts":1679529600000,"profit_abs":-0.34487095,"wins":0,"draws":0,"losses":1,"trades":1,"profit_factor":0.0},{"date":"24/03/2023","date_ts":1679616000000,"profit_abs":0.0,"wins":0,"draws":0,"losses":0,"trades":0,"profit_factor":0.0},{"date":"25/03/2023","date_ts":1679702400000,"profit_abs":0.0,"wins":0,"draws":0,"losses":0,"trades":0,"profit_factor":0.0},{"date":"26/03/2023","date_ts":1679788800000,"profit_abs":0.0,"wins":0,"draws":0,"losses":0,"trades":0,"profit_factor":0.0},{"date":"27/03/2023","date_ts":1679875200000,"profit_abs":0.0,"wins":0,"draws":0,"losses":0,"trades":0,"profit_factor":0.0},{"date":"28/03/2023","date_ts":1679961600000,"profit_abs":0.0,"wins":0,"draws":0,"losses":0,"trades":0,"profit_factor":0.0},{"date":"29/03/2023","date_ts":1680048000000,"profit_abs":0.0,"wins":0,"draws":0,"losses":0,"trades":0,"profit_factor":0.0},{"date":"30/03/2023","date_ts":1680134400000,"profit_abs":0.0,"wins":0,"draws":0,"losses":0,"trades":0,"profit_factor":0.0},{"date":"31/03/2023","date_ts":1680220800000,"profit_abs":0.0,"wins":0,"draws":0,"losses":0,"trades":0,"profit_factor":0.0},{"date":"01/04/2023","date_ts":1680307200000,"profit_abs":0.0,"wins":0,"draws":0,"losses":0,"trades":0,"profit_factor":0.0},{"date":"02/04/2023","date_ts":1680393600000,"profit_abs":0.0,"wins":0,"draws":0,"losses":0,"trades":0,"profit_factor":0.0},{"date":"03/04/2023","date_ts":1680480000000,"profit_abs":0.0,"wins":0,"draws":0,"losses":0,"trades":0,"profit_factor":0.0},{"date":"04/04/2023","date_ts":1680566400000,"profit_abs":0.0,"wins":0,"draws":0,"losses":0,"trades":0,"profit_factor":0.0},{"date":"05/04/2023","date_ts":1680652800000,"profit_abs":0.0,"wins":0,"draws":0,"losses":0,"trades":0,"profit_factor":0.0},{"date":"06/04/2023","date_ts":1680739200000,"profit_abs":0.0,"wins":0,"draws":0,"losses":0,"trades":0,"profit_factor":0.0},{"date":"07/04/2023","date_ts":1680825600000,"profit_abs":0.0,"wins":0,"draws":0,"losses":0,"trades":0,"profit_factor":0.0},{"date":"08/04/2023","date_ts":1680912000000,"profit_abs":0.0,"wins":0,"draws":0,"losses":0,"trades":0,"profit_factor":0.0},{"date":"09/04/2023","date_ts":1680998400000,"profit_abs":0.0,"wins":0,"draws":0,"losses":0,"trades":0,"profit_factor":0.0},{"date":"10/04/2023","date_ts":1681084800000,"profit_abs":0.0,"wins":0,"draws":0,"losses":0,"trades":0,"profit_factor":0.0},{"date":"11/04/2023","date_ts":1681171200000,"profit_abs":0.0,"wins":0,"draws":0,"losses":0,"trades":0,"profit_factor":0.0},{"date":"12/04/2023","date_ts":1681257600000,"profit_abs":0.0,"wins":0,"draws":0,"losses":0,"trades":0,"profit_factor":0.0},{"date":"13/04/2023","date_ts":1681344000000,"profit_abs":0.0,"wins":0,"draws":0,"losses":0,"trades":0,"profit_factor":0.0},{"date":"14/04/2023","date_ts":1681430400000,"profit_abs":0.0,"wins":0,"draws":0,"losses":0,"trades":0,"profit_factor":0.0},{"date":"15/04/2023","date_ts":1681516800000,"profit_abs":0.0,"wins":0,"draws":0,"losses":0,"trades":0,"profit_factor":0.0},{"date":"16/04/2023","date_ts":1681603200000,"profit_abs":0.0,"wins":0,"draws":0,"losses":0,"trades":0,"profit_factor":0.0},{"date":"17/04/2023","date_ts":1681689600000,"profit_abs":0.0,"wins":0,"draws":0,"losses":0,"trades":0,"profit_factor":0.0},{"date":"18/04/2023","date_ts":1681776000000,"profit_abs":0.0,"wins":0,"draws":0,"losses":0,"trades":0,"profit_factor":0.0},{"date":"19/04/2023","date_ts":1681862400000,"profit_abs":0.0,"wins":0,"draws":0,"losses":0,"trades":0,"profit_factor":0.0},{"date":"20/04/2023","date_ts":1681948800000,"profit_abs":0.0,"wins":0,"draws":0,"losses":0,"trades":0,"profit_factor":0.0},{"date":"21/04/2023","date_ts":1682035200000,"profit_abs":0.0,"wins":0,"draws":0,"losses":0,"trades":0,"profit_factor":0.0},{"date":"22/04/2023","date_ts":1682121600000,"profit_abs":0.0,"wins":0,"draws":0,"losses":0,"trades":0,"profit_factor":0.0},{"date":"23/04/2023","date_ts":1682208000000,"profit_abs":0.0,"wins":0,"draws":0,"losses":0,"trades":0,"profit_factor":0.0},{"date":"24/04/2023","date_ts":1682294400000,"profit_abs":0.0,"wins":0,"draws":0,"losses":0,"trades":0,"profit_factor":0.0},{"date":"25/04/2023","date_ts":1682380800000,"profit_abs":0.0,"wins":0,"draws":0,"losses":0,"trades":0,"profit_factor":0.0},{"date":"26/04/2023","date_ts":1682467200000,"profit_abs":0.0,"wins":0,"draws":0,"losses":0,"trades":0,"profit_factor":0.0},{"date":"27/04/2023","date_ts":1682553600000,"profit_abs":0.0,"wins":0,"draws":0,"losses":0,"trades":0,"profit_factor":0.0},{"date":"28/04/2023","date_ts":1682640000000,"profit_abs":0.0,"wins":0,"draws":0,"losses":0,"trades":0,"profit_factor":0.0},{"date":"29/04/2023","date_ts":1682726400000,"profit_abs":0.0,"wins":0,"draws":0,"losses":0,"trades":0,"profit_factor":0.0},{"date":"30/04/2023","date_ts":1682812800000,"profit_abs":0.0,"wins":0,"draws":0,"losses":0,"trades":0,"profit_factor":0.0},{"date":"01/05/2023","date_ts":1682899200000,"profit_abs":0.0,"wins":0,"draws":0,"losses":0,"trades":0,"profit_factor":0.0},{"date":"02/05/2023","date_ts":1682985600000,"profit_abs":0.0,"wins":0,"draws":0,"losses":0,"trades":0,"profit_factor":0.0},{"date":"03/05/2023","date_ts":1683072000000,"profit_abs":0.0,"wins":0,"draws":0,"losses":0,"trades":0,"profit_factor":0.0},{"date":"04/05/2023","date_ts":1683158400000,"profit_abs":0.0,"wins":0,"draws":0,"losses":0,"trades":0,"profit_factor":0.0},{"date":"05/05/2023","date_ts":1683244800000,"profit_abs":0.0,"wins":0,"draws":0,"losses":0,"trades":0,"profit_factor":0.0},{"date":"06/05/2023","date_ts":1683331200000,"profit_abs":0.0,"wins":0,"draws":0,"losses":0,"trades":0,"profit_factor":0.0},{"date":"07/05/2023","date_ts":1683417600000,"profit_abs":0.0,"wins":0,"draws":0,"losses":0,"trades":0,"profit_factor":0.0},{"date":"08/05/2023","date_ts":1683504000000,"profit_abs":0.0,"wins":0,"draws":0,"losses":0,"trades":0,"profit_factor":0.0},{"date":"09/05/2023","date_ts":1683590400000,"profit_abs":0.0,"wins":0,"draws":0,"losses":0,"trades":0,"profit_factor":0.0},{"date":"10/05/2023","date_ts":1683676800000,"profit_abs":0.68193337,"wins":1,"draws":0,"losses":0,"trades":1,"profit_factor":0.0},{"date":"11/05/2023","date_ts":1683763200000,"profit_abs":0.0,"wins":0,"draws":0,"losses":0,"trades":0,"profit_factor":0.0},{"date":"12/05/2023","date_ts":1683849600000,"profit_abs":0.0,"wins":0,"draws":0,"losses":0,"trades":0,"profit_factor":0.0},{"date":"13/05/2023","date_ts":1683936000000,"profit_abs":0.0,"wins":0,"draws":0,"losses":0,"trades":0,"profit_factor":0.0},{"date":"14/05/2023","date_ts":1684022400000,"profit_abs":0.0,"wins":0,"draws":0,"losses":0,"trades":0,"profit_factor":0.0},{"date":"15/05/2023","date_ts":1684108800000,"profit_abs":0.0,"wins":0,"draws":0,"losses":0,"trades":0,"profit_factor":0.0},{"date":"16/05/2023","date_ts":1684195200000,"profit_abs":0.0,"wins":0,"draws":0,"losses":0,"trades":0,"profit_factor":0.0},{"date":"17/05/2023","date_ts":1684281600000,"profit_abs":0.0,"wins":0,"draws":0,"losses":0,"trades":0,"profit_factor":0.0},{"date":"18/05/2023","date_ts":1684368000000,"profit_abs":0.0,"wins":0,"draws":0,"losses":0,"trades":0,"profit_factor":0.0},{"date":"19/05/2023","date_ts":1684454400000,"profit_abs":0.0,"wins":0,"draws":0,"losses":0,"trades":0,"profit_factor":0.0},{"date":"20/05/2023","date_ts":1684540800000,"profit_abs":0.0,"wins":0,"draws":0,"losses":0,"trades":0,"profit_factor":0.0},{"date":"21/05/2023","date_ts":1684627200000,"profit_abs":0.0,"wins":0,"draws":0,"losses":0,"trades":0,"profit_factor":0.0},{"date":"22/05/2023","date_ts":1684713600000,"profit_abs":0.0,"wins":0,"draws":0,"losses":0,"trades":0,"profit_factor":0.0},{"date":"23/05/2023","date_ts":1684800000000,"profit_abs":0.0,"wins":0,"draws":0,"losses":0,"trades":0,"profit_factor":0.0},{"date":"24/05/2023","date_ts":1684886400000,"profit_abs":0.0,"wins":0,"draws":0,"losses":0,"trades":0,"profit_factor":0.0},{"date":"25/05/2023","date_ts":1684972800000,"profit_abs":0.0,"wins":0,"draws":0,"losses":0,"trades":0,"profit_factor":0.0},{"date":"26/05/2023","date_ts":1685059200000,"profit_abs":0.0,"wins":0,"draws":0,"losses":0,"trades":0,"profit_factor":0.0},{"date":"27/05/2023","date_ts":1685145600000,"profit_abs":0.0,"wins":0,"draws":0,"losses":0,"trades":0,"profit_factor":0.0},{"date":"28/05/2023","date_ts":1685232000000,"profit_abs":0.0,"wins":0,"draws":0,"losses":0,"trades":0,"profit_factor":0.0},{"date":"29/05/2023","date_ts":1685318400000,"profit_abs":0.0,"wins":0,"draws":0,"losses":0,"trades":0,"profit_factor":0.0},{"date":"30/05/2023","date_ts":1685404800000,"profit_abs":0.0,"wins":0,"draws":0,"losses":0,"trades":0,"profit_factor":0.0},{"date":"31/05/2023","date_ts":1685491200000,"profit_abs":0.0,"wins":0,"draws":0,"losses":0,"trades":0,"profit_factor":0.0},{"date":"01/06/2023","date_ts":1685577600000,"profit_abs":0.0,"wins":0,"draws":0,"losses":0,"trades":0,"profit_factor":0.0},{"date":"02/06/2023","date_ts":1685664000000,"profit_abs":0.0,"wins":0,"draws":0,"losses":0,"trades":0,"profit_factor":0.0},{"date":"03/06/2023","date_ts":1685750400000,"profit_abs":0.0,"wins":0,"draws":0,"losses":0,"trades":0,"profit_factor":0.0},{"date":"04/06/2023","date_ts":1685836800000,"profit_abs":0.0,"wins":0,"draws":0,"losses":0,"trades":0,"profit_factor":0.0},{"date":"05/06/2023","date_ts":1685923200000,"profit_abs":0.0,"wins":0,"draws":0,"losses":0,"trades":0,"profit_factor":0.0},{"date":"06/06/2023","date_ts":1686009600000,"profit_abs":0.0,"wins":0,"draws":0,"losses":0,"trades":0,"profit_factor":0.0},{"date":"07/06/2023","date_ts":1686096000000,"profit_abs":0.0,"wins":0,"draws":0,"losses":0,"trades":0,"profit_factor":0.0},{"date":"08/06/2023","date_ts":1686182400000,"profit_abs":0.0,"wins":0,"draws":0,"losses":0,"trades":0,"profit_factor":0.0},{"date":"09/06/2023","date_ts":1686268800000,"profit_abs":0.0,"wins":0,"draws":0,"losses":0,"trades":0,"profit_factor":0.0},{"date":"10/06/2023","date_ts":1686355200000,"profit_abs":0.0,"wins":0,"draws":0,"losses":0,"trades":0,"profit_factor":0.0},{"date":"11/06/2023","date_ts":1686441600000,"profit_abs":0.0,"wins":0,"draws":0,"losses":0,"trades":0,"profit_factor":0.0},{"date":"12/06/2023","date_ts":1686528000000,"profit_abs":0.0,"wins":0,"draws":0,"losses":0,"trades":0,"profit_factor":0.0},{"date":"13/06/2023","date_ts":1686614400000,"profit_abs":0.0,"wins":0,"draws":0,"losses":0,"trades":0,"profit_factor":0.0},{"date":"14/06/2023","date_ts":1686700800000,"profit_abs":0.0,"wins":0,"draws":0,"losses":0,"trades":0,"profit_factor":0.0},{"date":"15/06/2023","date_ts":1686787200000,"profit_abs":0.0,"wins":0,"draws":0,"losses":0,"trades":0,"profit_factor":0.0},{"date":"16/06/2023","date_ts":1686873600000,"profit_abs":0.0,"wins":0,"draws":0,"losses":0,"trades":0,"profit_factor":0.0},{"date":"17/06/2023","date_ts":1686960000000,"profit_abs":0.0,"wins":0,"draws":0,"losses":0,"trades":0,"profit_factor":0.0},{"date":"18/06/2023","date_ts":1687046400000,"profit_abs":0.0,"wins":0,"draws":0,"losses":0,"trades":0,"profit_factor":0.0},{"date":"19/06/2023","date_ts":1687132800000,"profit_abs":0.0,"wins":0,"draws":0,"losses":0,"trades":0,"profit_factor":0.0},{"date":"20/06/2023","date_ts":1687219200000,"profit_abs":0.0,"wins":0,"draws":0,"losses":0,"trades":0,"profit_factor":0.0},{"date":"21/06/2023","date_ts":1687305600000,"profit_abs":0.0,"wins":0,"draws":0,"losses":0,"trades":0,"profit_factor":0.0},{"date":"22/06/2023","date_ts":1687392000000,"profit_abs":0.0,"wins":0,"draws":0,"losses":0,"trades":0,"profit_factor":0.0},{"date":"23/06/2023","date_ts":1687478400000,"profit_abs":0.0,"wins":0,"draws":0,"losses":0,"trades":0,"profit_factor":0.0},{"date":"24/06/2023","date_ts":1687564800000,"profit_abs":0.0,"wins":0,"draws":0,"losses":0,"trades":0,"profit_factor":0.0},{"date":"25/06/2023","date_ts":1687651200000,"profit_abs":0.0,"wins":0,"draws":0,"losses":0,"trades":0,"profit_factor":0.0},{"date":"26/06/2023","date_ts":1687737600000,"profit_abs":0.0,"wins":0,"draws":0,"losses":0,"trades":0,"profit_factor":0.0},{"date":"27/06/2023","date_ts":1687824000000,"profit_abs":0.0,"wins":0,"draws":0,"losses":0,"trades":0,"profit_factor":0.0},{"date":"28/06/2023","date_ts":1687910400000,"profit_abs":0.0,"wins":0,"draws":0,"losses":0,"trades":0,"profit_factor":0.0},{"date":"29/06/2023","date_ts":1687996800000,"profit_abs":0.0,"wins":0,"draws":0,"losses":0,"trades":0,"profit_factor":0.0},{"date":"30/06/2023","date_ts":1688083200000,"profit_abs":-0.81957942,"wins":0,"draws":0,"losses":1,"trades":1,"profit_factor":0.0},{"date":"01/07/2023","date_ts":1688169600000,"profit_abs":0.0,"wins":0,"draws":0,"losses":0,"trades":0,"profit_factor":0.0},{"date":"02/07/2023","date_ts":1688256000000,"profit_abs":0.0,"wins":0,"draws":0,"losses":0,"trades":0,"profit_factor":0.0},{"date":"03/07/2023","date_ts":1688342400000,"profit_abs":0.0,"wins":0,"draws":0,"losses":0,"trades":0,"profit_factor":0.0},{"date":"04/07/2023","date_ts":1688428800000,"profit_abs":0.0,"wins":0,"draws":0,"losses":0,"trades":0,"profit_factor":0.0},{"date":"05/07/2023","date_ts":1688515200000,"profit_abs":0.0,"wins":0,"draws":0,"losses":0,"trades":0,"profit_factor":0.0},{"date":"06/07/2023","date_ts":1688601600000,"profit_abs":0.0,"wins":0,"draws":0,"losses":0,"trades":0,"profit_factor":0.0},{"date":"07/07/2023","date_ts":1688688000000,"profit_abs":0.0,"wins":0,"draws":0,"losses":0,"trades":0,"profit_factor":0.0},{"date":"08/07/2023","date_ts":1688774400000,"profit_abs":0.0,"wins":0,"draws":0,"losses":0,"trades":0,"profit_factor":0.0},{"date":"09/07/2023","date_ts":1688860800000,"profit_abs":0.0,"wins":0,"draws":0,"losses":0,"trades":0,"profit_factor":0.0},{"date":"10/07/2023","date_ts":1688947200000,"profit_abs":0.0,"wins":0,"draws":0,"losses":0,"trades":0,"profit_factor":0.0},{"date":"11/07/2023","date_ts":1689033600000,"profit_abs":0.0,"wins":0,"draws":0,"losses":0,"trades":0,"profit_factor":0.0},{"date":"12/07/2023","date_ts":1689120000000,"profit_abs":0.0,"wins":0,"draws":0,"losses":0,"trades":0,"profit_factor":0.0},{"date":"13/07/2023","date_ts":1689206400000,"profit_abs":-0.15570914,"wins":0,"draws":0,"losses":1,"trades":1,"profit_factor":0.0},{"date":"14/07/2023","date_ts":1689292800000,"profit_abs":0.0,"wins":0,"draws":0,"losses":0,"trades":0,"profit_factor":0.0},{"date":"15/07/2023","date_ts":1689379200000,"profit_abs":0.0,"wins":0,"draws":0,"losses":0,"trades":0,"profit_factor":0.0},{"date":"16/07/2023","date_ts":1689465600000,"profit_abs":0.0,"wins":0,"draws":0,"losses":0,"trades":0,"profit_factor":0.0},{"date":"17/07/2023","date_ts":1689552000000,"profit_abs":0.0,"wins":0,"draws":0,"losses":0,"trades":0,"profit_factor":0.0},{"date":"18/07/2023","date_ts":1689638400000,"profit_abs":0.0,"wins":0,"draws":0,"losses":0,"trades":0,"profit_factor":0.0},{"date":"19/07/2023","date_ts":1689724800000,"profit_abs":0.0,"wins":0,"draws":0,"losses":0,"trades":0,"profit_factor":0.0},{"date":"20/07/2023","date_ts":1689811200000,"profit_abs":0.0,"wins":0,"draws":0,"losses":0,"trades":0,"profit_factor":0.0},{"date":"21/07/2023","date_ts":1689897600000,"profit_abs":0.0,"wins":0,"draws":0,"losses":0,"trades":0,"profit_factor":0.0},{"date":"22/07/2023","date_ts":1689984000000,"profit_abs":0.0,"wins":0,"draws":0,"losses":0,"trades":0,"profit_factor":0.0},{"date":"23/07/2023","date_ts":1690070400000,"profit_abs":0.0,"wins":0,"draws":0,"losses":0,"trades":0,"profit_factor":0.0},{"date":"24/07/2023","date_ts":1690156800000,"profit_abs":0.0,"wins":0,"draws":0,"losses":0,"trades":0,"profit_factor":0.0},{"date":"25/07/2023","date_ts":1690243200000,"profit_abs":0.0,"wins":0,"draws":0,"losses":0,"trades":0,"profit_factor":0.0},{"date":"26/07/2023","date_ts":1690329600000,"profit_abs":0.0,"wins":0,"draws":0,"losses":0,"trades":0,"profit_factor":0.0},{"date":"27/07/2023","date_ts":1690416000000,"profit_abs":0.0,"wins":0,"draws":0,"losses":0,"trades":0,"profit_factor":0.0},{"date":"28/07/2023","date_ts":1690502400000,"profit_abs":0.0,"wins":0,"draws":0,"losses":0,"trades":0,"profit_factor":0.0},{"date":"29/07/2023","date_ts":1690588800000,"profit_abs":0.0,"wins":0,"draws":0,"losses":0,"trades":0,"profit_factor":0.0},{"date":"30/07/2023","date_ts":1690675200000,"profit_abs":0.0,"wins":0,"draws":0,"losses":0,"trades":0,"profit_factor":0.0},{"date":"31/07/2023","date_ts":1690761600000,"profit_abs":0.0,"wins":0,"draws":0,"losses":0,"trades":0,"profit_factor":0.0},{"date":"01/08/2023","date_ts":1690848000000,"profit_abs":0.0,"wins":0,"draws":0,"losses":0,"trades":0,"profit_factor":0.0},{"date":"02/08/2023","date_ts":1690934400000,"profit_abs":0.0,"wins":0,"draws":0,"losses":0,"trades":0,"profit_factor":0.0},{"date":"03/08/2023","date_ts":1691020800000,"profit_abs":0.0,"wins":0,"draws":0,"losses":0,"trades":0,"profit_factor":0.0},{"date":"04/08/2023","date_ts":1691107200000,"profit_abs":0.0,"wins":0,"draws":0,"losses":0,"trades":0,"profit_factor":0.0},{"date":"05/08/2023","date_ts":1691193600000,"profit_abs":0.0,"wins":0,"draws":0,"losses":0,"trades":0,"profit_factor":0.0},{"date":"06/08/2023","date_ts":1691280000000,"profit_abs":0.0,"wins":0,"draws":0,"losses":0,"trades":0,"profit_factor":0.0},{"date":"07/08/2023","date_ts":1691366400000,"profit_abs":0.0,"wins":0,"draws":0,"losses":0,"trades":0,"profit_factor":0.0},{"date":"08/08/2023","date_ts":1691452800000,"profit_abs":0.0,"wins":0,"draws":0,"losses":0,"trades":0,"profit_factor":0.0},{"date":"09/08/2023","date_ts":1691539200000,"profit_abs":0.0,"wins":0,"draws":0,"losses":0,"trades":0,"profit_factor":0.0},{"date":"10/08/2023","date_ts":1691625600000,"profit_abs":0.0,"wins":0,"draws":0,"losses":0,"trades":0,"profit_factor":0.0},{"date":"11/08/2023","date_ts":1691712000000,"profit_abs":0.0,"wins":0,"draws":0,"losses":0,"trades":0,"profit_factor":0.0},{"date":"12/08/2023","date_ts":1691798400000,"profit_abs":0.0,"wins":0,"draws":0,"losses":0,"trades":0,"profit_factor":0.0},{"date":"13/08/2023","date_ts":1691884800000,"profit_abs":0.0,"wins":0,"draws":0,"losses":0,"trades":0,"profit_factor":0.0},{"date":"14/08/2023","date_ts":1691971200000,"profit_abs":0.0,"wins":0,"draws":0,"losses":0,"trades":0,"profit_factor":0.0},{"date":"15/08/2023","date_ts":1692057600000,"profit_abs":0.0,"wins":0,"draws":0,"losses":0,"trades":0,"profit_factor":0.0},{"date":"16/08/2023","date_ts":1692144000000,"profit_abs":0.0,"wins":0,"draws":0,"losses":0,"trades":0,"profit_factor":0.0},{"date":"17/08/2023","date_ts":1692230400000,"profit_abs":0.0,"wins":0,"draws":0,"losses":0,"trades":0,"profit_factor":0.0},{"date":"18/08/2023","date_ts":1692316800000,"profit_abs":-0.50940786,"wins":0,"draws":0,"losses":2,"trades":2,"profit_factor":0.0},{"date":"19/08/2023","date_ts":1692403200000,"profit_abs":0.0,"wins":0,"draws":0,"losses":0,"trades":0,"profit_factor":0.0},{"date":"20/08/2023","date_ts":1692489600000,"profit_abs":0.0,"wins":0,"draws":0,"losses":0,"trades":0,"profit_factor":0.0},{"date":"21/08/2023","date_ts":1692576000000,"profit_abs":0.0,"wins":0,"draws":0,"losses":0,"trades":0,"profit_factor":0.0},{"date":"22/08/2023","date_ts":1692662400000,"profit_abs":0.0,"wins":0,"draws":0,"losses":0,"trades":0,"profit_factor":0.0},{"date":"23/08/2023","date_ts":1692748800000,"profit_abs":0.0,"wins":0,"draws":0,"losses":0,"trades":0,"profit_factor":0.0},{"date":"24/08/2023","date_ts":1692835200000,"profit_abs":0.0,"wins":0,"draws":0,"losses":0,"trades":0,"profit_factor":0.0},{"date":"25/08/2023","date_ts":1692921600000,"profit_abs":0.0,"wins":0,"draws":0,"losses":0,"trades":0,"profit_factor":0.0},{"date":"26/08/2023","date_ts":1693008000000,"profit_abs":0.0,"wins":0,"draws":0,"losses":0,"trades":0,"profit_factor":0.0},{"date":"27/08/2023","date_ts":1693094400000,"profit_abs":0.0,"wins":0,"draws":0,"losses":0,"trades":0,"profit_factor":0.0},{"date":"28/08/2023","date_ts":1693180800000,"profit_abs":0.0,"wins":0,"draws":0,"losses":0,"trades":0,"profit_factor":0.0},{"date":"29/08/2023","date_ts":1693267200000,"profit_abs":-0.93839443,"wins":0,"draws":0,"losses":2,"trades":2,"profit_factor":0.0},{"date":"30/08/2023","date_ts":1693353600000,"profit_abs":0.0,"wins":0,"draws":0,"losses":0,"trades":0,"profit_factor":0.0},{"date":"31/08/2023","date_ts":1693440000000,"profit_abs":0.0,"wins":0,"draws":0,"losses":0,"trades":0,"profit_factor":0.0},{"date":"01/09/2023","date_ts":1693526400000,"profit_abs":0.0,"wins":0,"draws":0,"losses":0,"trades":0,"profit_factor":0.0},{"date":"02/09/2023","date_ts":1693612800000,"profit_abs":0.0,"wins":0,"draws":0,"losses":0,"trades":0,"profit_factor":0.0},{"date":"03/09/2023","date_ts":1693699200000,"profit_abs":0.0,"wins":0,"draws":0,"losses":0,"trades":0,"profit_factor":0.0},{"date":"04/09/2023","date_ts":1693785600000,"profit_abs":0.0,"wins":0,"draws":0,"losses":0,"trades":0,"profit_factor":0.0},{"date":"05/09/2023","date_ts":1693872000000,"profit_abs":0.0,"wins":0,"draws":0,"losses":0,"trades":0,"profit_factor":0.0},{"date":"06/09/2023","date_ts":1693958400000,"profit_abs":0.0,"wins":0,"draws":0,"losses":0,"trades":0,"profit_factor":0.0},{"date":"07/09/2023","date_ts":1694044800000,"profit_abs":0.0,"wins":0,"draws":0,"losses":0,"trades":0,"profit_factor":0.0},{"date":"08/09/2023","date_ts":1694131200000,"profit_abs":0.0,"wins":0,"draws":0,"losses":0,"trades":0,"profit_factor":0.0},{"date":"09/09/2023","date_ts":1694217600000,"profit_abs":0.0,"wins":0,"draws":0,"losses":0,"trades":0,"profit_factor":0.0},{"date":"10/09/2023","date_ts":1694304000000,"profit_abs":0.0,"wins":0,"draws":0,"losses":0,"trades":0,"profit_factor":0.0},{"date":"11/09/2023","date_ts":1694390400000,"profit_abs":0.0,"wins":0,"draws":0,"losses":0,"trades":0,"profit_factor":0.0},{"date":"12/09/2023","date_ts":1694476800000,"profit_abs":0.0,"wins":0,"draws":0,"losses":0,"trades":0,"profit_factor":0.0},{"date":"13/09/2023","date_ts":1694563200000,"profit_abs":0.0,"wins":0,"draws":0,"losses":0,"trades":0,"profit_factor":0.0},{"date":"14/09/2023","date_ts":1694649600000,"profit_abs":0.0,"wins":0,"draws":0,"losses":0,"trades":0,"profit_factor":0.0},{"date":"15/09/2023","date_ts":1694736000000,"profit_abs":0.0,"wins":0,"draws":0,"losses":0,"trades":0,"profit_factor":0.0},{"date":"16/09/2023","date_ts":1694822400000,"profit_abs":0.0,"wins":0,"draws":0,"losses":0,"trades":0,"profit_factor":0.0},{"date":"17/09/2023","date_ts":1694908800000,"profit_abs":0.0,"wins":0,"draws":0,"losses":0,"trades":0,"profit_factor":0.0},{"date":"18/09/2023","date_ts":1694995200000,"profit_abs":0.0,"wins":0,"draws":0,"losses":0,"trades":0,"profit_factor":0.0},{"date":"19/09/2023","date_ts":1695081600000,"profit_abs":0.0,"wins":0,"draws":0,"losses":0,"trades":0,"profit_factor":0.0},{"date":"20/09/2023","date_ts":1695168000000,"profit_abs":0.0,"wins":0,"draws":0,"losses":0,"trades":0,"profit_factor":0.0},{"date":"21/09/2023","date_ts":1695254400000,"profit_abs":0.0,"wins":0,"draws":0,"losses":0,"trades":0,"profit_factor":0.0},{"date":"22/09/2023","date_ts":1695340800000,"profit_abs":0.0,"wins":0,"draws":0,"losses":0,"trades":0,"profit_factor":0.0},{"date":"23/09/2023","date_ts":1695427200000,"profit_abs":0.0,"wins":0,"draws":0,"losses":0,"trades":0,"profit_factor":0.0},{"date":"24/09/2023","date_ts":1695513600000,"profit_abs":0.0,"wins":0,"draws":0,"losses":0,"trades":0,"profit_factor":0.0},{"date":"25/09/2023","date_ts":1695600000000,"profit_abs":0.0,"wins":0,"draws":0,"losses":0,"trades":0,"profit_factor":0.0},{"date":"26/09/2023","date_ts":1695686400000,"profit_abs":0.0,"wins":0,"draws":0,"losses":0,"trades":0,"profit_factor":0.0},{"date":"27/09/2023","date_ts":1695772800000,"profit_abs":0.0,"wins":0,"draws":0,"losses":0,"trades":0,"profit_factor":0.0},{"date":"28/09/2023","date_ts":1695859200000,"profit_abs":0.0,"wins":0,"draws":0,"losses":0,"trades":0,"profit_factor":0.0},{"date":"29/09/2023","date_ts":1695945600000,"profit_abs":0.0,"wins":0,"draws":0,"losses":0,"trades":0,"profit_factor":0.0},{"date":"30/09/2023","date_ts":1696032000000,"profit_abs":0.0,"wins":0,"draws":0,"losses":0,"trades":0,"profit_factor":0.0},{"date":"01/10/2023","date_ts":1696118400000,"profit_abs":0.0,"wins":0,"draws":0,"losses":0,"trades":0,"profit_factor":0.0},{"date":"02/10/2023","date_ts":1696204800000,"profit_abs":0.0,"wins":0,"draws":0,"losses":0,"trades":0,"profit_factor":0.0},{"date":"03/10/2023","date_ts":1696291200000,"profit_abs":0.0,"wins":0,"draws":0,"losses":0,"trades":0,"profit_factor":0.0},{"date":"04/10/2023","date_ts":1696377600000,"profit_abs":0.0,"wins":0,"draws":0,"losses":0,"trades":0,"profit_factor":0.0},{"date":"05/10/2023","date_ts":1696464000000,"profit_abs":0.0,"wins":0,"draws":0,"losses":0,"trades":0,"profit_factor":0.0},{"date":"06/10/2023","date_ts":1696550400000,"profit_abs":0.0,"wins":0,"draws":0,"losses":0,"trades":0,"profit_factor":0.0},{"date":"07/10/2023","date_ts":1696636800000,"profit_abs":0.0,"wins":0,"draws":0,"losses":0,"trades":0,"profit_factor":0.0},{"date":"08/10/2023","date_ts":1696723200000,"profit_abs":0.0,"wins":0,"draws":0,"losses":0,"trades":0,"profit_factor":0.0},{"date":"09/10/2023","date_ts":1696809600000,"profit_abs":0.0,"wins":0,"draws":0,"losses":0,"trades":0,"profit_factor":0.0},{"date":"10/10/2023","date_ts":1696896000000,"profit_abs":0.0,"wins":0,"draws":0,"losses":0,"trades":0,"profit_factor":0.0},{"date":"11/10/2023","date_ts":1696982400000,"profit_abs":0.0,"wins":0,"draws":0,"losses":0,"trades":0,"profit_factor":0.0},{"date":"12/10/2023","date_ts":1697068800000,"profit_abs":0.0,"wins":0,"draws":0,"losses":0,"trades":0,"profit_factor":0.0},{"date":"13/10/2023","date_ts":1697155200000,"profit_abs":0.0,"wins":0,"draws":0,"losses":0,"trades":0,"profit_factor":0.0},{"date":"14/10/2023","date_ts":1697241600000,"profit_abs":0.0,"wins":0,"draws":0,"losses":0,"trades":0,"profit_factor":0.0},{"date":"15/10/2023","date_ts":1697328000000,"profit_abs":0.0,"wins":0,"draws":0,"losses":0,"trades":0,"profit_factor":0.0},{"date":"16/10/2023","date_ts":1697414400000,"profit_abs":0.0,"wins":0,"draws":0,"losses":0,"trades":0,"profit_factor":0.0},{"date":"17/10/2023","date_ts":1697500800000,"profit_abs":0.0,"wins":0,"draws":0,"losses":0,"trades":0,"profit_factor":0.0},{"date":"18/10/2023","date_ts":1697587200000,"profit_abs":0.0,"wins":0,"draws":0,"losses":0,"trades":0,"profit_factor":0.0},{"date":"19/10/2023","date_ts":1697673600000,"profit_abs":0.0,"wins":0,"draws":0,"losses":0,"trades":0,"profit_factor":0.0},{"date":"20/10/2023","date_ts":1697760000000,"profit_abs":0.0,"wins":0,"draws":0,"losses":0,"trades":0,"profit_factor":0.0},{"date":"21/10/2023","date_ts":1697846400000,"profit_abs":0.0,"wins":0,"draws":0,"losses":0,"trades":0,"profit_factor":0.0},{"date":"22/10/2023","date_ts":1697932800000,"profit_abs":0.0,"wins":0,"draws":0,"losses":0,"trades":0,"profit_factor":0.0},{"date":"23/10/2023","date_ts":1698019200000,"profit_abs":-1.46057037,"wins":0,"draws":0,"losses":1,"trades":1,"profit_factor":0.0},{"date":"24/10/2023","date_ts":1698105600000,"profit_abs":-0.54922457,"wins":1,"draws":0,"losses":1,"trades":2,"profit_factor":0.35392466},{"date":"25/10/2023","date_ts":1698192000000,"profit_abs":0.0,"wins":0,"draws":0,"losses":0,"trades":0,"profit_factor":0.0},{"date":"26/10/2023","date_ts":1698278400000,"profit_abs":0.0,"wins":0,"draws":0,"losses":0,"trades":0,"profit_factor":0.0},{"date":"27/10/2023","date_ts":1698364800000,"profit_abs":0.0,"wins":0,"draws":0,"losses":0,"trades":0,"profit_factor":0.0},{"date":"28/10/2023","date_ts":1698451200000,"profit_abs":0.0,"wins":0,"draws":0,"losses":0,"trades":0,"profit_factor":0.0},{"date":"29/10/2023","date_ts":1698537600000,"profit_abs":0.0,"wins":0,"draws":0,"losses":0,"trades":0,"profit_factor":0.0},{"date":"30/10/2023","date_ts":1698624000000,"profit_abs":0.0,"wins":0,"draws":0,"losses":0,"trades":0,"profit_factor":0.0},{"date":"31/10/2023","date_ts":1698710400000,"profit_abs":0.0,"wins":0,"draws":0,"losses":0,"trades":0,"profit_factor":0.0},{"date":"01/11/2023","date_ts":1698796800000,"profit_abs":0.0,"wins":0,"draws":0,"losses":0,"trades":0,"profit_factor":0.0},{"date":"02/11/2023","date_ts":1698883200000,"profit_abs":0.0,"wins":0,"draws":0,"losses":0,"trades":0,"profit_factor":0.0},{"date":"03/11/2023","date_ts":1698969600000,"profit_abs":0.0,"wins":0,"draws":0,"losses":0,"trades":0,"profit_factor":0.0},{"date":"04/11/2023","date_ts":1699056000000,"profit_abs":0.0,"wins":0,"draws":0,"losses":0,"trades":0,"profit_factor":0.0},{"date":"05/11/2023","date_ts":1699142400000,"profit_abs":0.0,"wins":0,"draws":0,"losses":0,"trades":0,"profit_factor":0.0},{"date":"06/11/2023","date_ts":1699228800000,"profit_abs":0.0,"wins":0,"draws":0,"losses":0,"trades":0,"profit_factor":0.0},{"date":"07/11/2023","date_ts":1699315200000,"profit_abs":0.0,"wins":0,"draws":0,"losses":0,"trades":0,"profit_factor":0.0},{"date":"08/11/2023","date_ts":1699401600000,"profit_abs":0.0,"wins":0,"draws":0,"losses":0,"trades":0,"profit_factor":0.0},{"date":"09/11/2023","date_ts":1699488000000,"profit_abs":-0.11530692,"wins":0,"draws":0,"losses":1,"trades":1,"profit_factor":0.0},{"date":"10/11/2023","date_ts":1699574400000,"profit_abs":0.0,"wins":0,"draws":0,"losses":0,"trades":0,"profit_factor":0.0},{"date":"11/11/2023","date_ts":1699660800000,"profit_abs":0.0,"wins":0,"draws":0,"losses":0,"trades":0,"profit_factor":0.0},{"date":"12/11/2023","date_ts":1699747200000,"profit_abs":0.0,"wins":0,"draws":0,"losses":0,"trades":0,"profit_factor":0.0},{"date":"13/11/2023","date_ts":1699833600000,"profit_abs":0.0,"wins":0,"draws":0,"losses":0,"trades":0,"profit_factor":0.0},{"date":"14/11/2023","date_ts":1699920000000,"profit_abs":0.0,"wins":0,"draws":0,"losses":0,"trades":0,"profit_factor":0.0},{"date":"15/11/2023","date_ts":1700006400000,"profit_abs":0.0,"wins":0,"draws":0,"losses":0,"trades":0,"profit_factor":0.0},{"date":"16/11/2023","date_ts":1700092800000,"profit_abs":0.0,"wins":0,"draws":0,"losses":0,"trades":0,"profit_factor":0.0},{"date":"17/11/2023","date_ts":1700179200000,"profit_abs":0.0,"wins":0,"draws":0,"losses":0,"trades":0,"profit_factor":0.0},{"date":"18/11/2023","date_ts":1700265600000,"profit_abs":0.0,"wins":0,"draws":0,"losses":0,"trades":0,"profit_factor":0.0},{"date":"19/11/2023","date_ts":1700352000000,"profit_abs":0.0,"wins":0,"draws":0,"losses":0,"trades":0,"profit_factor":0.0},{"date":"20/11/2023","date_ts":1700438400000,"profit_abs":0.0,"wins":0,"draws":0,"losses":0,"trades":0,"profit_factor":0.0},{"date":"21/11/2023","date_ts":1700524800000,"profit_abs":0.0,"wins":0,"draws":0,"losses":0,"trades":0,"profit_factor":0.0},{"date":"22/11/2023","date_ts":1700611200000,"profit_abs":0.0,"wins":0,"draws":0,"losses":0,"trades":0,"profit_factor":0.0},{"date":"23/11/2023","date_ts":1700697600000,"profit_abs":0.0,"wins":0,"draws":0,"losses":0,"trades":0,"profit_factor":0.0},{"date":"24/11/2023","date_ts":1700784000000,"profit_abs":0.0,"wins":0,"draws":0,"losses":0,"trades":0,"profit_factor":0.0},{"date":"25/11/2023","date_ts":1700870400000,"profit_abs":0.0,"wins":0,"draws":0,"losses":0,"trades":0,"profit_factor":0.0},{"date":"26/11/2023","date_ts":1700956800000,"profit_abs":0.0,"wins":0,"draws":0,"losses":0,"trades":0,"profit_factor":0.0},{"date":"27/11/2023","date_ts":1701043200000,"profit_abs":0.0,"wins":0,"draws":0,"losses":0,"trades":0,"profit_factor":0.0},{"date":"28/11/2023","date_ts":1701129600000,"profit_abs":0.0,"wins":0,"draws":0,"losses":0,"trades":0,"profit_factor":0.0},{"date":"29/11/2023","date_ts":1701216000000,"profit_abs":0.0,"wins":0,"draws":0,"losses":0,"trades":0,"profit_factor":0.0},{"date":"30/11/2023","date_ts":1701302400000,"profit_abs":0.0,"wins":0,"draws":0,"losses":0,"trades":0,"profit_factor":0.0},{"date":"01/12/2023","date_ts":1701388800000,"profit_abs":0.0,"wins":0,"draws":0,"losses":0,"trades":0,"profit_factor":0.0},{"date":"02/12/2023","date_ts":1701475200000,"profit_abs":0.0,"wins":0,"draws":0,"losses":0,"trades":0,"profit_factor":0.0},{"date":"03/12/2023","date_ts":1701561600000,"profit_abs":0.0,"wins":0,"draws":0,"losses":0,"trades":0,"profit_factor":0.0},{"date":"04/12/2023","date_ts":1701648000000,"profit_abs":0.0,"wins":0,"draws":0,"losses":0,"trades":0,"profit_factor":0.0},{"date":"05/12/2023","date_ts":1701734400000,"profit_abs":0.0,"wins":0,"draws":0,"losses":0,"trades":0,"profit_factor":0.0},{"date":"06/12/2023","date_ts":1701820800000,"profit_abs":0.0,"wins":0,"draws":0,"losses":0,"trades":0,"profit_factor":0.0},{"date":"07/12/2023","date_ts":1701907200000,"profit_abs":0.0,"wins":0,"draws":0,"losses":0,"trades":0,"profit_factor":0.0},{"date":"08/12/2023","date_ts":1701993600000,"profit_abs":0.0,"wins":0,"draws":0,"losses":0,"trades":0,"profit_factor":0.0},{"date":"09/12/2023","date_ts":1702080000000,"profit_abs":0.0,"wins":0,"draws":0,"losses":0,"trades":0,"profit_factor":0.0},{"date":"10/12/2023","date_ts":1702166400000,"profit_abs":0.0,"wins":0,"draws":0,"losses":0,"trades":0,"profit_factor":0.0},{"date":"11/12/2023","date_ts":1702252800000,"profit_abs":-0.85583236,"wins":0,"draws":0,"losses":2,"trades":2,"profit_factor":0.0}],"week":[{"date":"16/01/2023","date_ts":1673827200000,"profit_abs":-2.2299457,"wins":0,"draws":0,"losses":3,"trades":3,"profit_factor":0.0},{"date":"23/01/2023","date_ts":1674432000000,"profit_abs":-0.67945781,"wins":0,"draws":0,"losses":1,"trades":1,"profit_factor":0.0},{"date":"30/01/2023","date_ts":1675036800000,"profit_abs":0.0,"wins":0,"draws":0,"losses":0,"trades":0,"profit_factor":0.0},{"date":"06/02/2023","date_ts":1675641600000,"profit_abs":-0.20036714,"wins":0,"draws":0,"losses":1,"trades":1,"profit_factor":0.0},{"date":"13/02/2023","date_ts":1676246400000,"profit_abs":0.0,"wins":0,"draws":0,"losses":0,"trades":0,"profit_factor":0.0},{"date":"20/02/2023","date_ts":1676851200000,"profit_abs":-1.13390685,"wins":0,"draws":0,"losses":2,"trades":2,"profit_factor":0.0},{"date":"27/02/2023","date_ts":1677456000000,"profit_abs":0.0,"wins":0,"draws":0,"losses":0,"trades":0,"profit_factor":0.0},{"date":"06/03/2023","date_ts":1678060800000,"profit_abs":0.03084946,"wins":1,"draws":0,"losses":1,"trades":2,"profit_factor":4.17041728},{"date":"13/03/2023","date_ts":1678665600000,"profit_abs":1.44787432,"wins":2,"draws":0,"losses":2,"trades":4,"profit_factor":2.36918361},{"date":"20/03/2023","date_ts":1679270400000,"profit_abs":-1.23399266,"wins":0,"draws":0,"losses":2,"trades":2,"profit_factor":0.0},{"date":"27/03/2023","date_ts":1679875200000,"profit_abs":-1.28709302,"wins":0,"draws":0,"losses":2,"trades":2,"profit_factor":0.0},{"date":"03/04/2023","date_ts":1680480000000,"profit_abs":0.0,"wins":0,"draws":0,"losses":0,"trades":0,"profit_factor":0.0},{"date":"10/04/2023","date_ts":1681084800000,"profit_abs":0.0,"wins":0,"draws":0,"losses":0,"trades":0,"profit_factor":0.0},{"date":"17/04/2023","date_ts":1681689600000,"profit_abs":0.0,"wins":0,"draws":0,"losses":0,"trades":0,"profit_factor":0.0},{"date":"24/04/2023","date_ts":1682294400000,"profit_abs":0.0,"wins":0,"draws":0,"losses":0,"trades":0,"profit_factor":0.0},{"date":"01/05/2023","date_ts":1682899200000,"profit_abs":0.0,"wins":0,"draws":0,"losses":0,"trades":0,"profit_factor":0.0},{"date":"08/05/2023","date_ts":1683504000000,"profit_abs":0.0,"wins":0,"draws":0,"losses":0,"trades":0,"profit_factor":0.0},{"date":"15/05/2023","date_ts":1684108800000,"profit_abs":0.68193337,"wins":1,"draws":0,"losses":0,"trades":1,"profit_factor":0.0},{"date":"22/05/2023","date_ts":1684713600000,"profit_abs":0.0,"wins":0,"draws":0,"losses":0,"trades":0,"profit_factor":0.0},{"date":"29/05/2023","date_ts":1685318400000,"profit_abs":0.0,"wins":0,"draws":0,"losses":0,"trades":0,"profit_factor":0.0},{"date":"05/06/2023","date_ts":1685923200000,"profit_abs":0.0,"wins":0,"draws":0,"losses":0,"trades":0,"profit_factor":0.0},{"date":"12/06/2023","date_ts":1686528000000,"profit_abs":0.0,"wins":0,"draws":0,"losses":0,"trades":0,"profit_factor":0.0},{"date":"19/06/2023","date_ts":1687132800000,"profit_abs":0.0,"wins":0,"draws":0,"losses":0,"trades":0,"profit_factor":0.0},{"date":"26/06/2023","date_ts":1687737600000,"profit_abs":0.0,"wins":0,"draws":0,"losses":0,"trades":0,"profit_factor":0.0},{"date":"03/07/2023","date_ts":1688342400000,"profit_abs":-0.81957942,"wins":0,"draws":0,"losses":1,"trades":1,"profit_factor":0.0},{"date":"10/07/2023","date_ts":1688947200000,"profit_abs":0.0,"wins":0,"draws":0,"losses":0,"trades":0,"profit_factor":0.0},{"date":"17/07/2023","date_ts":1689552000000,"profit_abs":-0.15570914,"wins":0,"draws":0,"losses":1,"trades":1,"profit_factor":0.0},{"date":"24/07/2023","date_ts":1690156800000,"profit_abs":0.0,"wins":0,"draws":0,"losses":0,"trades":0,"profit_factor":0.0},{"date":"31/07/2023","date_ts":1690761600000,"profit_abs":0.0,"wins":0,"draws":0,"losses":0,"trades":0,"profit_factor":0.0},{"date":"07/08/2023","date_ts":1691366400000,"profit_abs":0.0,"wins":0,"draws":0,"losses":0,"trades":0,"profit_factor":0.0},{"date":"14/08/2023","date_ts":1691971200000,"profit_abs":0.0,"wins":0,"draws":0,"losses":0,"trades":0,"profit_factor":0.0},{"date":"21/08/2023","date_ts":1692576000000,"profit_abs":-0.50940786,"wins":0,"draws":0,"losses":2,"trades":2,"profit_factor":0.0},{"date":"28/08/2023","date_ts":1693180800000,"profit_abs":0.0,"wins":0,"draws":0,"losses":0,"trades":0,"profit_factor":0.0},{"date":"04/09/2023","date_ts":1693785600000,"profit_abs":-0.93839443,"wins":0,"draws":0,"losses":2,"trades":2,"profit_factor":0.0},{"date":"11/09/2023","date_ts":1694390400000,"profit_abs":0.0,"wins":0,"draws":0,"losses":0,"trades":0,"profit_factor":0.0},{"date":"18/09/2023","date_ts":1694995200000,"profit_abs":0.0,"wins":0,"draws":0,"losses":0,"trades":0,"profit_factor":0.0},{"date":"25/09/2023","date_ts":1695600000000,"profit_abs":0.0,"wins":0,"draws":0,"losses":0,"trades":0,"profit_factor":0.0},{"date":"02/10/2023","date_ts":1696204800000,"profit_abs":0.0,"wins":0,"draws":0,"losses":0,"trades":0,"profit_factor":0.0},{"date":"09/10/2023","date_ts":1696809600000,"profit_abs":0.0,"wins":0,"draws":0,"losses":0,"trades":0,"profit_factor":0.0},{"date":"16/10/2023","date_ts":1697414400000,"profit_abs":0.0,"wins":0,"draws":0,"losses":0,"trades":0,"profit_factor":0.0},{"date":"23/10/2023","date_ts":1698019200000,"profit_abs":-1.46057037,"wins":0,"draws":0,"losses":1,"trades":1,"profit_factor":0.0},{"date":"30/10/2023","date_ts":1698624000000,"profit_abs":-0.54922457,"wins":1,"draws":0,"losses":1,"trades":2,"profit_factor":0.35392466},{"date":"06/11/2023","date_ts":1699228800000,"profit_abs":0.0,"wins":0,"draws":0,"losses":0,"trades":0,"profit_factor":0.0},{"date":"13/11/2023","date_ts":1699833600000,"profit_abs":-0.11530692,"wins":0,"draws":0,"losses":1,"trades":1,"profit_factor":0.0},{"date":"20/11/2023","date_ts":1700438400000,"profit_abs":0.0,"wins":0,"draws":0,"losses":0,"trades":0,"profit_factor":0.0},{"date":"27/11/2023","date_ts":1701043200000,"profit_abs":0.0,"wins":0,"draws":0,"losses":0,"trades":0,"profit_factor":0.0},{"date":"04/12/2023","date_ts":1701648000000,"profit_abs":0.0,"wins":0,"draws":0,"losses":0,"trades":0,"profit_factor":0.0},{"date":"11/12/2023","date_ts":1702252800000,"profit_abs":-0.85583236,"wins":0,"draws":0,"losses":2,"trades":2,"profit_factor":0.0}],"month":[{"date":"31/01/2023","date_ts":1675123200000,"profit_abs":-2.90940351,"wins":0,"draws":0,"losses":4,"trades":4,"profit_factor":0.0},{"date":"28/02/2023","date_ts":1677542400000,"profit_abs":-1.33427399,"wins":0,"draws":0,"losses":3,"trades":3,"profit_factor":0.0},{"date":"31/03/2023","date_ts":1680220800000,"profit_abs":-1.0423619,"wins":3,"draws":0,"losses":7,"trades":10,"profit_factor":0.70951003},{"date":"30/04/2023","date_ts":1682812800000,"profit_abs":0.0,"wins":0,"draws":0,"losses":0,"trades":0,"profit_factor":0.0},{"date":"31/05/2023","date_ts":1685491200000,"profit_abs":0.68193337,"wins":1,"draws":0,"losses":0,"trades":1,"profit_factor":0.0},{"date":"30/06/2023","date_ts":1688083200000,"profit_abs":-0.81957942,"wins":0,"draws":0,"losses":1,"trades":1,"profit_factor":0.0},{"date":"31/07/2023","date_ts":1690761600000,"profit_abs":-0.15570914,"wins":0,"draws":0,"losses":1,"trades":1,"profit_factor":0.0},{"date":"31/08/2023","date_ts":1693440000000,"profit_abs":-1.44780229,"wins":0,"draws":0,"losses":4,"trades":4,"profit_factor":0.0},{"date":"30/09/2023","date_ts":1696032000000,"profit_abs":0.0,"wins":0,"draws":0,"losses":0,"trades":0,"profit_factor":0.0},{"date":"31/10/2023","date_ts":1698710400000,"profit_abs":-2.00979494,"wins":1,"draws":0,"losses":2,"trades":3,"profit_factor":0.13020894},{"date":"30/11/2023","date_ts":1701302400000,"profit_abs":-0.11530692,"wins":0,"draws":0,"losses":1,"trades":1,"profit_factor":0.0},{"date":"31/12/2023","date_ts":1703980800000,"profit_abs":-0.85583236,"wins":0,"draws":0,"losses":2,"trades":2,"profit_factor":0.0}],"year":[{"date":"31/12/2023","date_ts":1703980800000,"profit_abs":-10.0081311,"wins":5,"draws":0,"losses":25,"trades":30,"profit_factor":0.26067561}]},"backtest_best_day":0.014836331071842313,"backtest_worst_day":-0.021162561758428806,"backtest_best_day_abs":1.10149581,"backtest_worst_day_abs":-1.46057037,"winning_days":4,"draw_days":314,"losing_days":16,"daily_profit":[["2023-01-12",-0.77397895],["2023-01-13",0.0],["2023-01-14",-1.45596675],["2023-01-15",0.0],["2023-01-16",0.0],["2023-01-17",0.0],["2023-01-18",-0.67945781],["2023-01-19",0.0],["2023-01-20",0.0],["2023-01-21",0.0],["2023-01-22",0.0],["2023-01-23",0.0],["2023-01-24",0.0],["2023-01-25",0.0],["2023-01-26",0.0],["2023-01-27",0.0],["2023-01-28",0.0],["2023-01-29",0.0],["2023-01-30",0.0],["2023-01-31",0.0],["2023-02-01",-0.20036714],["2023-02-02",0.0],["2023-02-03",0.0],["2023-02-04",0.0],["2023-02-05",0.0],["2023-02-06",0.0],["2023-02-07",0.0],["2023-02-08",0.0],["2023-02-09",0.0],["2023-02-10",0.0],["2023-02-11",0.0],["2023-02-12",0.0],["2023-02-13",0.0],["2023-02-14",0.0],["2023-02-15",-1.13390685],["2023-02-16",0.0],["2023-02-17",0.0],["2023-02-18",0.0],["2023-02-19",0.0],["2023-02-20",0.0],["2023-02-21",0.0],["2023-02-22",0.0],["2023-02-23",0.0],["2023-02-24",0.0],["2023-02-25",0.0],["2023-02-26",0.0],["2023-02-27",0.0],["2023-02-28",0.0],["2023-03-01",0.0],["2023-03-02",0.0],["2023-03-03",0.03084946],["2023-03-04",0.0],["2023-03-05",0.0],["2023-03-06",0.0],["2023-03-07",0.0],["2023-03-08",0.0],["2023-03-09",0.0],["2023-03-10",0.0],["2023-03-11",0.0],["2023-03-12",0.34637851],["2023-03-13",1.10149581],["2023-03-14",-1.23399266],["2023-03-15",0.0],["2023-03-16",0.0],["2023-03-17",0.0],["2023-03-18",0.0],["2023-03-19",0.0],["2023-03-20",0.0],["2023-03-21",0.0],["2023-03-22",-0.94222207],["2023-03-23",-0.34487095],["2023-03-24",0.0],["2023-03-25",0.0],["2023-03-26",0.0],["2023-03-27",0.0],["2023-03-28",0.0],["2023-03-29",0.0],["2023-03-30",0.0],["2023-03-31",0.0],["2023-04-01",0.0],["2023-04-02",0.0],["2023-04-03",0.0],["2023-04-04",0.0],["2023-04-05",0.0],["2023-04-06",0.0],["2023-04-07",0.0],["2023-04-08",0.0],["2023-04-09",0.0],["2023-04-10",0.0],["2023-04-11",0.0],["2023-04-12",0.0],["2023-04-13",0.0],["2023-04-14",0.0],["2023-04-15",0.0],["2023-04-16",0.0],["2023-04-17",0.0],["2023-04-18",0.0],["2023-04-19",0.0],["2023-04-20",0.0],["2023-04-21",0.0],["2023-04-22",0.0],["2023-04-23",0.0],["2023-04-24",0.0],["2023-04-25",0.0],["2023-04-26",0.0],["2023-04-27",0.0],["2023-04-28",0.0],["2023-04-29",0.0],["2023-04-30",0.0],["2023-05-01",0.0],["2023-05-02",0.0],["2023-05-03",0.0],["2023-05-04",0.0],["2023-05-05",0.0],["2023-05-06",0.0],["2023-05-07",0.0],["2023-05-08",0.0],["2023-05-09",0.0],["2023-05-10",0.68193337],["2023-05-11",0.0],["2023-05-12",0.0],["2023-05-13",0.0],["2023-05-14",0.0],["2023-05-15",0.0],["2023-05-16",0.0],["2023-05-17",0.0],["2023-05-18",0.0],["2023-05-19",0.0],["2023-05-20",0.0],["2023-05-21",0.0],["2023-05-22",0.0],["2023-05-23",0.0],["2023-05-24",0.0],["2023-05-25",0.0],["2023-05-26",0.0],["2023-05-27",0.0],["2023-05-28",0.0],["2023-05-29",0.0],["2023-05-30",0.0],["2023-05-31",0.0],["2023-06-01",0.0],["2023-06-02",0.0],["2023-06-03",0.0],["2023-06-04",0.0],["2023-06-05",0.0],["2023-06-06",0.0],["2023-06-07",0.0],["2023-06-08",0.0],["2023-06-09",0.0],["2023-06-10",0.0],["2023-06-11",0.0],["2023-06-12",0.0],["2023-06-13",0.0],["2023-06-14",0.0],["2023-06-15",0.0],["2023-06-16",0.0],["2023-06-17",0.0],["2023-06-18",0.0],["2023-06-19",0.0],["2023-06-20",0.0],["2023-06-21",0.0],["2023-06-22",0.0],["2023-06-23",0.0],["2023-06-24",0.0],["2023-06-25",0.0],["2023-06-26",0.0],["2023-06-27",0.0],["2023-06-28",0.0],["2023-06-29",0.0],["2023-06-30",-0.81957942],["2023-07-01",0.0],["2023-07-02",0.0],["2023-07-03",0.0],["2023-07-04",0.0],["2023-07-05",0.0],["2023-07-06",0.0],["2023-07-07",0.0],["2023-07-08",0.0],["2023-07-09",0.0],["2023-07-10",0.0],["2023-07-11",0.0],["2023-07-12",0.0],["2023-07-13",-0.15570914],["2023-07-14",0.0],["2023-07-15",0.0],["2023-07-16",0.0],["2023-07-17",0.0],["2023-07-18",0.0],["2023-07-19",0.0],["2023-07-20",0.0],["2023-07-21",0.0],["2023-07-22",0.0],["2023-07-23",0.0],["2023-07-24",0.0],["2023-07-25",0.0],["2023-07-26",0.0],["2023-07-27",0.0],["2023-07-28",0.0],["2023-07-29",0.0],["2023-07-30",0.0],["2023-07-31",0.0],["2023-08-01",0.0],["2023-08-02",0.0],["2023-08-03",0.0],["2023-08-04",0.0],["2023-08-05",0.0],["2023-08-06",0.0],["2023-08-07",0.0],["2023-08-08",0.0],["2023-08-09",0.0],["2023-08-10",0.0],["2023-08-11",0.0],["2023-08-12",0.0],["2023-08-13",0.0],["2023-08-14",0.0],["2023-08-15",0.0],["2023-08-16",0.0],["2023-08-17",0.0],["2023-08-18",-0.50940786],["2023-08-19",0.0],["2023-08-20",0.0],["2023-08-21",0.0],["2023-08-22",0.0],["2023-08-23",0.0],["2023-08-24",0.0],["2023-08-25",0.0],["2023-08-26",0.0],["2023-08-27",0.0],["2023-08-28",0.0],["2023-08-29",-0.93839443],["2023-08-30",0.0],["2023-08-31",0.0],["2023-09-01",0.0],["2023-09-02",0.0],["2023-09-03",0.0],["2023-09-04",0.0],["2023-09-05",0.0],["2023-09-06",0.0],["2023-09-07",0.0],["2023-09-08",0.0],["2023-09-09",0.0],["2023-09-10",0.0],["2023-09-11",0.0],["2023-09-12",0.0],["2023-09-13",0.0],["2023-09-14",0.0],["2023-09-15",0.0],["2023-09-16",0.0],["2023-09-17",0.0],["2023-09-18",0.0],["2023-09-19",0.0],["2023-09-20",0.0],["2023-09-21",0.0],["2023-09-22",0.0],["2023-09-23",0.0],["2023-09-24",0.0],["2023-09-25",0.0],["2023-09-26",0.0],["2023-09-27",0.0],["2023-09-28",0.0],["2023-09-29",0.0],["2023-09-30",0.0],["2023-10-01",0.0],["2023-10-02",0.0],["2023-10-03",0.0],["2023-10-04",0.0],["2023-10-05",0.0],["2023-10-06",0.0],["2023-10-07",0.0],["2023-10-08",0.0],["2023-10-09",0.0],["2023-10-10",0.0],["2023-10-11",0.0],["2023-10-12",0.0],["2023-10-13",0.0],["2023-10-14",0.0],["2023-10-15",0.0],["2023-10-16",0.0],["2023-10-17",0.0],["2023-10-18",0.0],["2023-10-19",0.0],["2023-10-20",0.0],["2023-10-21",0.0],["2023-10-22",0.0],["2023-10-23",-1.46057037],["2023-10-24",-0.54922457],["2023-10-25",0.0],["2023-10-26",0.0],["2023-10-27",0.0],["2023-10-28",0.0],["2023-10-29",0.0],["2023-10-30",0.0],["2023-10-31",0.0],["2023-11-01",0.0],["2023-11-02",0.0],["2023-11-03",0.0],["2023-11-04",0.0],["2023-11-05",0.0],["2023-11-06",0.0],["2023-11-07",0.0],["2023-11-08",0.0],["2023-11-09",-0.11530692],["2023-11-10",0.0],["2023-11-11",0.0],["2023-11-12",0.0],["2023-11-13",0.0],["2023-11-14",0.0],["2023-11-15",0.0],["2023-11-16",0.0],["2023-11-17",0.0],["2023-11-18",0.0],["2023-11-19",0.0],["2023-11-20",0.0],["2023-11-21",0.0],["2023-11-22",0.0],["2023-11-23",0.0],["2023-11-24",0.0],["2023-11-25",0.0],["2023-11-26",0.0],["2023-11-27",0.0],["2023-11-28",0.0],["2023-11-29",0.0],["2023-11-30",0.0],["2023-12-01",0.0],["2023-12-02",0.0],["2023-12-03",0.0],["2023-12-04",0.0],["2023-12-05",0.0],["2023-12-06",0.0],["2023-12-07",0.0],["2023-12-08",0.0],["2023-12-09",0.0],["2023-12-10",0.0],["2023-12-11",-0.85583236]],"wins":5,"losses":25,"draws":0,"winrate":0.16666666666666666,"holding_avg":"0:48:00","holding_avg_s":2880.0,"winner_holding_min":"0d 00:20","winner_holding_min_s":1200.0,"winner_holding_max":"0d 02:30","winner_holding_max_s":9000.0,"winner_holding_avg":"0d 01:00","winner_holding_avg_s":3600.0,"loser_holding_min":"0d 00:10","loser_holding_min_s":600.0,"loser_holding_max":"0d 01:20","loser_holding_max_s":4800.0,"loser_holding_avg":"0d 00:45","loser_holding_avg_s":2700.0,"max_consecutive_wins":2,"max_consecutive_losses":7,"max_drawdown_account":0.010008131100000013,"max_relative_drawdown":0.010008131100000013,"max_drawdown_abs":10.0081311,"drawdown_start":"2023-01-12 01:20:00","drawdown_start_ts":1673486400000.0,"drawdown_end":"2023-12-11 04:35:00","drawdown_end_ts":1702269300000.0,"max_drawdown_low":-10.0081311,"max_drawdown_high":-0.77397895,"csum_min":989.9918689,"csum_max":999.22602105}},"strategy_comparison":[{"key":"MomentumMacdRsiStrategy","trades":30,"profit_mean":-0.004898333601370275,"profit_mean_pct":-0.49,"profit_total_abs":-10.0081311,"profit_total":-0.0100081311,"profit_total_pct":-1.0,"duration_avg":"0:48:00","wins":5,"draws":0,"losses":25,"winrate":0.16666666666666666,"cagr":-0.010062993942525855,"expectancy":-0.3336043700000001,"expectancy_ratio":-0.6161036563832508,"sortino":-1.4779156501959427,"sharpe":-0.8158511699336447,"calmar":-5.263078009515915,"sqn":-2.7826,"profit_factor":0.26067561234009906,"max_drawdown_account":0.010008131100000013,"max_drawdown_abs":"10.008"}]}