{"dry_run":true,"dry_run_wallet":1000,"max_open_trades":3,"stake_currency":"USDT","stake_amount":"unlimited","fiat_display_currency":"USD","timeframe":"5m","trading_mode":"spot","entry_pricing":{"price_side":"ask","use_order_book":true,"order_book_top":2,"price_last_balance":0.0,"check_depth_of_market":{"enabled":false,"bids_to_ask_delta":1}},"exit_pricing":{"price_side":"bid","use_order_book":true,"order_book_top":2},"exchange":{"name":"binance","key":"REDACTED","secret":"REDACTED","sandbox":false,"ccxt_config":{"enableRateLimit":true},"ccxt_async_config":{"enableRateLimit":true},"pair_whitelist":["BTC/USDT","ETH/USDT"],"pair_blacklist":[]},"pairlists":[{"method":"StaticPairList"}],"telegram":{"enabled":false,"token":"REDACTED","chat_id":"REDACTED"},"logger":{"level":"info"},"config_files":["/freqtrade/user_data/configs/config.bt.json"],"internals":{}}