{"strategy":{"MomentumMacdRsiStrategy":{"trades":[{"pair":"ETH/USDT","stake_amount":69.672267,"max_stake_amount":69.672267,"amount":0.0207,"open_date":"2025-01-19 14:15:00+00:00","close_date":"2025-01-19 15:25:00+00:00","open_rate":3365.81,"close_rate":3373.24,"fee_open":0.001,"fee_close":0.001,"trade_duration":70,"profit_ratio":0.00020507975760816893,"profit_abs":0.01430266,"exit_reason":"mom_loss_momentum","initial_stop_loss_abs":2423.39,"initial_stop_loss_ratio":-0.28,"stop_loss_abs":2423.39,"stop_loss_ratio":-0.28,"min_rate":3303.98,"max_rate":3426.05,"is_open":false,"enter_tag":"mom_macd_rsi","leverage":1.0,"is_short":false,"open_timestamp":1737296100000,"close_timestamp":1737300300000,"orders":[{"amount":0.0207,"safe_price":3365.81,"ft_order_side":"buy","order_filled_timestamp":1737296100000,"ft_is_entry":true,"ft_order_tag":"mom_macd_rsi","cost":69.74193926699998},{"amount":0.0207,"safe_price":3373.24,"ft_order_side":"sell","order_filled_timestamp":1737300300000,"ft_is_entry":false,"ft_order_tag":"mom_loss_momentum","cost":69.89589406799999}],"funding_fees":0.0},{"pair":"BTC/USDT","stake_amount":69.512736,"max_stake_amount":69.512736,"amount":0.00064,"open_date":"2025-01-20 07:05:00+00:00","close_date":"2025-01-20 07:50:00+00:00","open_rate":108613.65,"close_rate":107733.63,"fee_open":0.001,"fee_close":0.001,"trade_duration":45,"profit_ratio":-0.010084110139386341,"profit_abs":-0.70167506,"exit_reason":"mom_loss_momentum","initial_stop_loss_abs":78201.83,"initial_stop_loss_ratio":-0.28,"stop_loss_abs":78201.83,"stop_loss_ratio":-0.28,"min_rate":107577.45,"max_rate":109499.99,"is_open":false,"enter_tag":"mom_macd_rsi","leverage":1.0,"is_short":false,"open_timestamp":1737356700000,"close_timestamp":1737359400000,"orders":[{"amount":0.00064,"safe_price":108613.65,"ft_order_side":"buy","order_filled_timestamp":1737356700000,"ft_is_entry":true,"ft_order_tag":"mom_macd_rsi","cost":69.582248736},{"amount":0.00064,"safe_price":107733.63,"ft_order_side":"sell","order_filled_timestamp":1737359400000,"ft_is_entry":false,"ft_order_tag":"mom_loss_momentum","cost":69.01847272319999}],"funding_fees":0.0},{"pair":"ETH/USDT","stake_amount":69.709266,"max_stake_amount":69.709266,"amount":0.0277,"open_date":"2025-02-03 03:30:00+00:00","close_date":"2025-02-03 04:30:00+00:00","open_rate":2516.58,"close_rate":2489.89,"fee_open":0.001,"fee_close":0.001,"trade_duration":60,"profit_ratio":-0.012582475117369688,"profit_abs":-0.87799222,"exit_reason":"mom_loss_momentum","initial_stop_loss_abs":1811.94,"initial_stop_loss_ratio":-0.28,"stop_loss_abs":1811.94,"stop_loss_ratio":-0.28,"min_rate":2470.01,"max_rate":2565.5,"is_open":false,"enter_tag":"mom_macd_rsi","leverage":1.0,"is_short":false,"open_timestamp":1738553400000,"close_timestamp":1738557000000,"orders":[{"amount":0.0277,"safe_price":2516.58,"ft_order_side":"buy","order_filled_timestamp":1738553400000,"ft_is_entry":true,"ft_order_tag":"mom_macd_rsi","cost":69.77897526599999},{"amount":0.0277,"safe_price":2489.89,"ft_order_side":"sell","order_filled_timestamp":1738557000000,"ft_is_entry":false,"ft_order_tag":"mom_loss_momentum","cost":69.03892295299998}],"funding_fees":0.0},{"pair":"ETH/USDT","stake_amount":69.75451,"max_stake_amount":69.75451,"amount":0.0266,"open_date":"2025-02-03 08:00:00+00:00","close_date":"2025-02-03 08:20:00+00:00","open_rate":2622.35,"close_rate":2571.0,"fee_open":0.001,"fee_close":0.001,"trade_duration":20,"profit_ratio":-0.02154055070332455,"profit_abs":-1.50405311,"exit_reason":"mom_loss_momentum","initial_stop_loss_abs":1888.1,"initial_stop_loss_ratio":-0.28,"stop_loss_abs":1888.1,"stop_loss_ratio":-0.28,"min_rate":2566.15,"max_rate":2622.51,"is_open":false,"enter_tag":"mom_macd_rsi","leverage":1.0,"is_short":false,"open_timestamp":1738569600000,"close_timestamp":1738570800000,"orders":[{"amount":0.0266,"safe_price":2622.35,"ft_order_side":"buy","order_filled_timestamp":1738569600000,"ft_is_entry":true,"ft_order_tag":"mom_macd_rsi","cost":69.82426450999999},{"amount":0.0266,"safe_price":2571.0,"ft_order_side":"sell","order_filled_timestamp":1738570800000,"ft_is_entry":false,"ft_order_tag":"mom_loss_momentum","cost":68.45698859999999}],"funding_fees":0.0},{"pair":"BTC/USDT","stake_amount":64.48793,"max_stake_amount":64.48793,"amount":0.00065,"open_date":"2025-02-03 15:50:00+00:00","close_date":"2025-02-03 16:20:00+00:00","open_rate":99212.2,"close_rate":98664.0,"fee_open":0.001,"fee_close":0.001,"trade_duration":30,"profit_ratio":-0.007512492104104829,"profit_abs":-0.48494953,"exit_reason":"mom_loss_momentum","initial_stop_loss_abs":71432.79,"initial_stop_loss_ratio":-0.28,"stop_loss_abs":71432.79,"stop_loss_ratio":-0.28,"min_rate":98164.0,"max_rate":99500.0,"is_open":false,"enter_tag":"mom_macd_rsi","leverage":1.0,"is_short":false,"open_timestamp":1738597800000,"close_timestamp":1738599600000,"orders":[{"amount":0.00065,"safe_price":99212.2,"ft_order_side":"buy","order_filled_timestamp":1738597800000,"ft_is_entry":true,"ft_order_tag":"mom_macd_rsi","cost":64.55241792999999},{"amount":0.00065,"safe_price":98664.0,"ft_order_side":"sell","order_filled_timestamp":1738599600000,"ft_is_entry":false,"ft_order_tag":"mom_loss_momentum","cost":64.19573159999999}],"funding_fees":0.0},{"pair":"ETH/USDT","stake_amount":69.74942,"max_stake_amount":69.74942,"amount":0.026,"open_date":"2025-02-03 15:35:00+00:00","close_date":"2025-02-03 16:30:00+00:00","open_rate":2682.67,"close_rate":2698.02,"fee_open":0.001,"fee_close":0.001,"trade_duration":55,"profit_ratio":0.0037124769909644686,"profit_abs":0.25920206,"exit_reason":"mom_loss_momentum","initial_stop_loss_abs":1931.53,"initial_stop_loss_ratio":-0.28,"stop_loss_abs":1931.53,"stop_loss_ratio":-0.28,"min_rate":2667.56,"max_rate":2728.0,"is_open":false,"enter_tag":"mom_macd_rsi","leverage":1.0,"is_short":false,"open_timestamp":1738596900000,"close_timestamp":1738600200000,"orders":[{"amount":0.026,"safe_price":2682.67,"ft_order_side":"buy","order_filled_timestamp":1738596900000,"ft_is_entry":true,"ft_order_tag":"mom_macd_rsi","cost":69.81916942},{"amount":0.026,"safe_price":2698.02,"ft_order_side":"sell","order_filled_timestamp":1738600200000,"ft_is_entry":false,"ft_order_tag":"mom_loss_momentum","cost":70.21866851999998}],"funding_fees":0.0},{"pair":"ETH/USDT","stake_amount":69.625644,"max_stake_amount":69.625644,"amount":0.0244,"open_date":"2025-02-03 22:15:00+00:00","close_date":"2025-02-03 23:05:00+00:00","open_rate":2853.51,"close_rate":2878.5,"fee_open":0.001,"fee_close":0.001,"trade_duration":50,"profit_ratio":0.006742135619823271,"profit_abs":0.46989496,"exit_reason":"mom_loss_momentum","initial_stop_loss_abs":2054.53,"initial_stop_loss_ratio":-0.28,"stop_loss_abs":2054.53,"stop_loss_ratio":-0.28,"min_rate":2824.9,"max_rate":2921.0,"is_open":false,"enter_tag":"mom_macd_rsi","leverage":1.0,"is_short":false,"open_timestamp":1738620900000,"close_timestamp":1738623900000,"orders":[{"amount":0.0244,"safe_price":2853.51,"ft_order_side":"buy","order_filled_timestamp":1738620900000,"ft_is_entry":true,"ft_order_tag":"mom_macd_rsi","cost":69.695269644},{"amount":0.0244,"safe_price":2878.5,"ft_order_side":"sell","order_filled_timestamp":1738623900000,"ft_is_entry":false,"ft_order_tag":"mom_loss_momentum","cost":70.30563539999999}],"funding_fees":0.0},{"pair":"ETH/USDT","stake_amount":69.664512,"max_stake_amount":69.664512,"amount":0.0256,"open_date":"2025-02-04 06:55:00+00:00","close_date":"2025-02-04 07:30:00+00:00","open_rate":2721.27,"close_rate":2710.66,"fee_open":0.001,"fee_close":0.001,"trade_duration":35,"profit_ratio":-0.005889126831939149,"profit_abs":-0.41067341,"exit_reason":"mom_loss_momentum","initial_stop_loss_abs":1959.32,"initial_stop_loss_ratio":-0.28,"stop_loss_abs":1959.32,"stop_loss_ratio":-0.28,"min_rate":2704.53,"max_rate":2734.5,"is_open":false,"enter_tag":"mom_macd_rsi","leverage":1.0,"is_short":false,"open_timestamp":1738652100000,"close_timestamp":1738654200000,"orders":[{"amount":0.0256,"safe_price":2721.27,"ft_order_side":"buy","order_filled_timestamp":1738652100000,"ft_is_entry":true,"ft_order_tag":"mom_macd_rsi","cost":69.73417651199999},{"amount":0.0256,"safe_price":2710.66,"ft_order_side":"sell","order_filled_timestamp":1738654200000,"ft_is_entry":false,"ft_order_tag":"mom_loss_momentum","cost":69.46228889599999}],"funding_fees":0.0},{"pair":"BTC/USDT","stake_amount":69.0186882,"max_stake_amount":69.0186882,"amount":0.00077,"open_date":"2025-03-02 16:35:00+00:00","close_date":"2025-03-02 17:35:00+00:00","open_rate":89634.66,"close_rate":92972.0,"fee_open":0.001,"fee_close":0.001,"trade_duration":60,"profit_ratio":0.035160302453386125,"profit_abs":2.42914467,"exit_reason":"trailing_stop_loss","initial_stop_loss_abs":64536.96,"initial_stop_loss_ratio":-0.28,"stop_loss_abs":92972.0,"stop_loss_ratio":-0.01,"min_rate":89558.09,"max_rate":93911.11,"is_open":false,"enter_tag":"mom_macd_rsi","leverage":1.0,"is_short":false,"open_timestamp":1740933300000,"close_timestamp":1740936900000,"orders":[{"amount":0.00077,"safe_price":89634.66,"ft_order_side":"buy","order_filled_timestamp":1740933300000,"ft_is_entry":true,"ft_order_tag":"mom_macd_rsi","cost":69.08770688819999},{"amount":0.00077,"safe_price":92972.0,"ft_order_side":"sell","order_filled_timestamp":1740936900000,"ft_is_entry":false,"ft_order_tag":"trailing_stop_loss","cost":71.66002843999998}],"funding_fees":0.0},{"pair":"ETH/USDT","stake_amount":64.883252,"max_stake_amount":64.883252,"amount":0.0266,"open_date":"2025-03-02 16:40:00+00:00","close_date":"2025-03-02 17:50:00+00:00","open_rate":2439.22,"close_rate":2461.01,"fee_open":0.001,"fee_close":0.001,"trade_duration":70,"profit_ratio":0.006917333011284036,"profit_abs":0.44926788,"exit_reason":"mom_loss_momentum","initial_stop_loss_abs":1756.24,"initial_stop_loss_ratio":-0.28,"stop_loss_abs":1756.24,"stop_loss_ratio":-0.28,"min_rate":2388.87,"max_rate":2510.82,"is_open":false,"enter_tag":"mom_macd_rsi","leverage":1.0,"is_short":false,"open_timestamp":1740933600000,"close_timestamp":1740937800000,"orders":[{"amount":0.0266,"safe_price":2439.22,"ft_order_side":"buy","order_filled_timestamp":1740933600000,"ft_is_entry":true,"ft_order_tag":"mom_macd_rsi","cost":64.94813525199997},{"amount":0.0266,"safe_price":2461.01,"ft_order_side":"sell","order_filled_timestamp":1740937800000,"ft_is_entry":false,"ft_order_tag":"mom_loss_momentum","cost":65.528328866}],"funding_fees":0.0},{"pair":"BTC/USDT","stake_amount":64.7199576,"max_stake_amount":64.7199576,"amount":0.00069,"open_date":"2025-03-02 17:40:00+00:00","close_date":"2025-03-02 18:10:00+00:00","open_rate":93797.04,"close_rate":93695.28,"fee_open":0.001,"fee_close":0.001,"trade_duration":30,"profit_ratio":-0.0030807300047538235,"profit_abs":-0.1995841,"exit_reason":"mom_loss_momentum","initial_stop_loss_abs":67533.87,"initial_stop_loss_ratio":-0.28,"stop_loss_abs":67533.87,"stop_loss_ratio":-0.28,"min_rate":93350.0,"max_rate":95000.0,"is_open":false,"enter_tag":"mom_macd_rsi","leverage":1.0,"is_short":false,"open_timestamp":1740937200000,"close_timestamp":1740939000000,"orders":[{"amount":0.00069,"safe_price":93797.04,"ft_order_side":"buy","order_filled_timestamp":1740937200000,"ft_is_entry":true,"ft_order_tag":"mom_macd_rsi","cost":64.78467755759998},{"amount":0.00069,"safe_price":93695.28,"ft_order_side":"sell","order_filled_timestamp":1740939000000,"ft_is_entry":false,"ft_order_tag":"mom_loss_momentum","cost":64.71439294319998}],"funding_fees":0.0},{"pair":"ETH/USDT","stake_amount":69.85528,"max_stake_amount":69.85528,"amount":0.0326,"open_date":"2025-03-04 18:15:00+00:00","close_date":"2025-03-04 18:40:00+00:00","open_rate":2142.8,"close_rate":2134.45,"fee_open":0.001,"fee_close":0.001,"trade_duration":25,"profit_ratio":-0.00588698682314512,"profit_abs":-0.41164835,"exit_reason":"mom_loss_momentum","initial_stop_loss_abs":1542.82,"initial_stop_loss_ratio":-0.28,"stop_loss_abs":1542.82,"stop_loss_ratio":-0.28,"min_rate":2117.9,"max_rate":2145.16,"is_open":false,"enter_tag":"mom_macd_rsi","leverage":1.0,"is_short":false,"open_timestamp":1741112100000,"close_timestamp":1741113600000,"orders":[{"amount":0.0326,"safe_price":2142.8,"ft_order_side":"buy","order_filled_timestamp":1741112100000,"ft_is_entry":true,"ft_order_tag":"mom_macd_rsi","cost":69.92513527999999},{"amount":0.0326,"safe_price":2134.45,"ft_order_side":"sell","order_filled_timestamp":1741113600000,"ft_is_entry":false,"ft_order_tag":"mom_loss_momentum","cost":69.65265306999999}],"funding_fees":0.0},{"pair":"ETH/USDT","stake_amount":65.086218,"max_stake_amount":65.086218,"amount":0.0303,"open_date":"2025-03-04 19:00:00+00:00","close_date":"2025-03-04 19:30:00+00:00","open_rate":2148.06,"close_rate":2151.67,"fee_open":0.001,"fee_close":0.001,"trade_duration":30,"profit_ratio":-0.0003207736245781258,"profit_abs":-0.02089882,"exit_reason":"mom_loss_momentum","initial_stop_loss_abs":1546.61,"initial_stop_loss_ratio":-0.28,"stop_loss_abs":1546.61,"stop_loss_ratio":-0.28,"min_rate":2140.12,"max_rate":2167.7,"is_open":false,"enter_tag":"mom_macd_rsi","leverage":1.0,"is_short":false,"open_timestamp":1741114800000,"close_timestamp":1741116600000,"orders":[{"amount":0.0303,"safe_price":2148.06,"ft_order_side":"buy","order_filled_timestamp":1741114800000,"ft_is_entry":true,"ft_order_tag":"mom_macd_rsi","cost":65.15130421799999},{"amount":0.0303,"safe_price":2151.67,"ft_order_side":"sell","order_filled_timestamp":1741116600000,"ft_is_entry":false,"ft_order_tag":"mom_loss_momentum","cost":65.260796601}],"funding_fees":0.0},{"pair":"BTC/USDT","stake_amount":69.09648,"max_stake_amount":69.09648,"amount":0.0008,"open_date":"2025-03-04 18:55:00+00:00","close_date":"2025-03-04 19:50:00+00:00","open_rate":86370.6,"close_rate":87888.49,"fee_open":0.001,"fee_close":0.001,"trade_duration":55,"profit_ratio":0.015541036230802194,"profit_abs":1.07490473,"exit_reason":"mom_loss_momentum","initial_stop_loss_abs":62186.84,"initial_stop_loss_ratio":-0.28,"stop_loss_abs":62186.84,"stop_loss_ratio":-0.28,"min_rate":86352.78,"max_rate":88487.91,"is_open":false,"enter_tag":"mom_macd_rsi","leverage":1.0,"is_short":false,"open_timestamp":1741114500000,"close_timestamp":1741117800000,"orders":[{"amount":0.0008,"safe_price":86370.6,"ft_order_side":"buy","order_filled_timestamp":1741114500000,"ft_is_entry":true,"ft_order_tag":"mom_macd_rsi","cost":69.16557648000001},{"amount":0.0008,"safe_price":87888.49,"ft_order_side":"sell","order_filled_timestamp":1741117800000,"ft_is_entry":false,"ft_order_tag":"mom_loss_momentum","cost":70.381102792}],"funding_fees":0.0},{"pair":"ETH/USDT","stake_amount":69.95776,"max_stake_amount":69.95776,"amount":0.032,"open_date":"2025-03-07 01:45:00+00:00","close_date":"2025-03-07 03:00:00+00:00","open_rate":2186.18,"close_rate":2155.67,"fee_open":0.001,"fee_close":0.001,"trade_duration":75,"profit_ratio":-0.015925968111972923,"profit_abs":-1.1152592,"exit_reason":"mom_loss_momentum","initial_stop_loss_abs":1574.05,"initial_stop_loss_ratio":-0.28,"stop_loss_abs":1574.05,"stop_loss_ratio":-0.28,"min_rate":2152.33,"max_rate":2188.61,"is_open":false,"enter_tag":"mom_macd_rsi","leverage":1.0,"is_short":false,"open_timestamp":1741311900000,"close_timestamp":1741316400000,"orders":[{"amount":0.032,"safe_price":2186.18,"ft_order_side":"buy","order_filled_timestamp":1741311900000,"ft_is_entry":true,"ft_order_tag":"mom_macd_rsi","cost":70.02771775999999},{"amount":0.032,"safe_price":2155.67,"ft_order_side":"sell","order_filled_timestamp":1741316400000,"ft_is_entry":false,"ft_order_tag":"mom_loss_momentum","cost":69.05042144}],"funding_fees":0.0},{"pair":"BTC/USDT","stake_amount":64.5375918,"max_stake_amount":64.5375918,"amount":0.00073,"open_date":"2025-03-07 01:50:00+00:00","close_date":"2025-03-07 03:00:00+00:00","open_rate":88407.66,"close_rate":87235.01,"fee_open":0.001,"fee_close":0.001,"trade_duration":70,"profit_ratio":-0.015235622405426964,"profit_abs":-0.98425365,"exit_reason":"mom_loss_momentum","initial_stop_loss_abs":63653.52,"initial_stop_loss_ratio":-0.28,"stop_loss_abs":63653.52,"stop_loss_ratio":-0.28,"min_rate":87161.42,"max_rate":88460.0,"is_open":false,"enter_tag":"mom_macd_rsi","leverage":1.0,"is_short":false,"open_timestamp":1741312200000,"close_timestamp":1741316400000,"orders":[{"amount":0.00073,"safe_price":88407.66,"ft_order_side":"buy","order_filled_timestamp":1741312200000,"ft_is_entry":true,"ft_order_tag":"mom_macd_rsi","cost":64.60212939179999},{"amount":0.00073,"safe_price":87235.01,"ft_order_side":"sell","order_filled_timestamp":1741316400000,"ft_is_entry":false,"ft_order_tag":"mom_loss_momentum","cost":63.74523885729999}],"funding_fees":0.0},{"pair":"ETH/USDT","stake_amount":69.806016,"max_stake_amount":69.806016,"amount":0.0378,"open_date":"2025-03-11 01:55:00+00:00","close_date":"2025-03-11 03:30:00+00:00","open_rate":1846.72,"close_rate":1861.09,"fee_open":0.001,"fee_close":0.001,"trade_duration":95,"profit_ratio":0.005767814508253154,"profit_abs":0.40303078,"exit_reason":"mom_loss_momentum","initial_stop_loss_abs":1329.64,"initial_stop_loss_ratio":-0.28,"stop_loss_abs":1329.64,"stop_loss_ratio":-0.28,"min_rate":1844.52,"max_rate":1881.52,"is_open":false,"enter_tag":"mom_macd_rsi","leverage":1.0,"is_short":false,"open_timestamp":1741658100000,"close_timestamp":1741663800000,"orders":[{"amount":0.0378,"safe_price":1846.72,"ft_order_side":"buy","order_filled_timestamp":1741658100000,"ft_is_entry":true,"ft_order_tag":"mom_macd_rsi","cost":69.87582201599999},{"amount":0.0378,"safe_price":1861.09,"ft_order_side":"sell","order_filled_timestamp":1741663800000,"ft_is_entry":false,"ft_order_tag":"mom_loss_momentum","cost":70.41955120199998}],"funding_fees":0.0},{"pair":"ETH/USDT","stake_amount":69.82856,"max_stake_amount":69.82856,"amount":0.0344,"open_date":"2025-03-19 11:45:00+00:00","close_date":"2025-03-19 12:15:00+00:00","open_rate":2029.9,"close_rate":2019.74,"fee_open":0.001,"fee_close":0.001,"trade_duration":30,"profit_ratio":-0.006993174378840072,"profit_abs":-0.48881162,"exit_reason":"mom_loss_momentum","initial_stop_loss_abs":1461.53,"initial_stop_loss_ratio":-0.28,"stop_loss_abs":1461.53,"stop_loss_ratio":-0.28,"min_rate":2016.59,"max_rate":2033.79,"is_open":false,"enter_tag":"mom_macd_rsi","leverage":1.0,"is_short":false,"open_timestamp":1742384700000,"close_timestamp":1742386500000,"orders":[{"amount":0.0344,"safe_price":2029.9,"ft_order_side":"buy","order_filled_timestamp":1742384700000,"ft_is_entry":true,"ft_order_tag":"mom_macd_rsi","cost":69.89838856},{"amount":0.0344,"safe_price":2019.74,"ft_order_side":"sell","order_filled_timestamp":1742386500000,"ft_is_entry":false,"ft_order_tag":"mom_loss_momentum","cost":69.54853505599999}],"funding_fees":0.0},{"pair":"ETH/USDT","stake_amount":69.73108,"max_stake_amount":69.73108,"amount":0.047,"open_date":"2025-04-07 08:20:00+00:00","close_date":"2025-04-07 09:55:00+00:00","open_rate":1483.64,"close_rate":1493.2,"fee_open":0.001,"fee_close":0.001,"trade_duration":95,"profit_ratio":0.004432735310845904,"profit_abs":0.30940852,"exit_reason":"mom_loss_momentum","initial_stop_loss_abs":1068.23,"initial_stop_loss_ratio":-0.28,"stop_loss_abs":1068.23,"stop_loss_ratio":-0.28,"min_rate":1476.75,"max_rate":1511.32,"is_open":false,"enter_tag":"mom_macd_rsi","leverage":1.0,"is_short":false,"open_timestamp":1744014000000,"close_timestamp":1744019700000,"orders":[{"amount":0.047,"safe_price":1483.64,"ft_order_side":"buy","order_filled_timestamp":1744014000000,"ft_is_entry":true,"ft_order_tag":"mom_macd_rsi","cost":69.80081108},{"amount":0.047,"safe_price":1493.2,"ft_order_side":"sell","order_filled_timestamp":1744019700000,"ft_is_entry":false,"ft_order_tag":"mom_loss_momentum","cost":70.2505804}],"funding_fees":0.0},{"pair":"ETH/USDT","stake_amount":69.719785,"max_stake_amount":69.719785,"amount":0.0439,"open_date":"2025-04-07 14:15:00+00:00","close_date":"2025-04-07 15:10:00+00:00","open_rate":1588.15,"close_rate":1555.3,"fee_open":0.001,"fee_close":0.001,"trade_duration":55,"profit_ratio":-0.022641118673471614,"profit_abs":-1.58011246,"exit_reason":"mom_loss_momentum","initial_stop_loss_abs":1143.47,"initial_stop_loss_ratio":-0.28,"stop_loss_abs":1143.47,"stop_loss_ratio":-0.28,"min_rate":1545.53,"max_rate":1639.0,"is_open":false,"enter_tag":"mom_macd_rsi","leverage":1.0,"is_short":false,"open_timestamp":1744035300000,"close_timestamp":1744038600000,"orders":[{"amount":0.0439,"safe_price":1588.15,"ft_order_side":"buy","order_filled_timestamp":1744035300000,"ft_is_entry":true,"ft_order_tag":"mom_macd_rsi","cost":69.78950478499999},{"amount":0.0439,"safe_price":1555.3,"ft_order_side":"sell","order_filled_timestamp":1744038600000,"ft_is_entry":false,"ft_order_tag":"mom_loss_momentum","cost":68.34594766999999}],"funding_fees":0.0},{"pair":"ETH/USDT","stake_amount":69.648017,"max_stake_amount":69.648017,"amount":0.0443,"open_date":"2025-04-09 17:30:00+00:00","close_date":"2025-04-09 17:55:00+00:00","open_rate":1572.19,"close_rate":1623.6,"fee_open":0.001,"fee_close":0.001,"trade_duration":25,"profit_ratio":0.030636274170673723,"profit_abs":2.1358895,"exit_reason":"trailing_stop_loss","initial_stop_loss_abs":1131.98,"initial_stop_loss_ratio":-0.28,"stop_loss_abs":1623.6,"stop_loss_ratio":-0.01,"min_rate":1570.34,"max_rate":1640.0,"is_open":false,"enter_tag":"mom_macd_rsi","leverage":1.0,"is_short":false,"open_timestamp":1744219800000,"close_timestamp":1744221300000,"orders":[{"amount":0.0443,"safe_price":1572.19,"ft_order_side":"buy","order_filled_timestamp":1744219800000,"ft_is_entry":true,"ft_order_tag":"mom_macd_rsi","cost":69.71766501699999},{"amount":0.0443,"safe_price":1623.6,"ft_order_side":"sell","order_filled_timestamp":1744221300000,"ft_is_entry":false,"ft_order_tag":"trailing_stop_loss","cost":71.99740547999998}],"funding_fees":0.0},{"pair":"BTC/USDT","stake_amount":69.871836,"max_stake_amount":69.871836,"amount":0.00085,"open_date":"2025-04-09 18:00:00+00:00","close_date":"2025-04-09 18:45:00+00:00","open_rate":82202.16,"close_rate":82112.78,"fee_open":0.001,"fee_close":0.001,"trade_duration":45,"profit_ratio":-0.0030831489060238046,"profit_abs":-0.2156407,"exit_reason":"mom_loss_momentum","initial_stop_loss_abs":59185.56,"initial_stop_loss_ratio":-0.28,"stop_loss_abs":59185.56,"stop_loss_ratio":-0.28,"min_rate":81690.03,"max_rate":82990.0,"is_open":false,"enter_tag":"mom_macd_rsi","leverage":1.0,"is_short":false,"open_timestamp":1744221600000,"close_timestamp":1744224300000,"orders":[{"amount":0.00085,"safe_price":82202.16,"ft_order_side":"buy","order_filled_timestamp":1744221600000,"ft_is_entry":true,"ft_order_tag":"mom_macd_rsi","cost":69.94170783599999},{"amount":0.00085,"safe_price":82112.78,"ft_order_side":"sell","order_filled_timestamp":1744224300000,"ft_is_entry":false,"ft_order_tag":"mom_loss_momentum","cost":69.865658863}],"funding_fees":0.0},{"pair":"ETH/USDT","stake_amount":64.986634,"max_stake_amount":64.986634,"amount":0.0398,"open_date":"2025-04-09 18:00:00+00:00","close_date":"2025-04-09 18:50:00+00:00","open_rate":1632.83,"close_rate":1639.65,"fee_open":0.001,"fee_close":0.001,"trade_duration":50,"profit_ratio":0.0021704501536462056,"profit_abs":0.1411913,"exit_reason":"mom_loss_momentum","initial_stop_loss_abs":1175.64,"initial_stop_loss_ratio":-0.28,"stop_loss_abs":1175.64,"stop_loss_ratio":-0.28,"min_rate":1613.33,"max_rate":1673.29,"is_open":false,"enter_tag":"mom_macd_rsi","leverage":1.0,"is_short":false,"open_timestamp":1744221600000,"close_timestamp":1744224600000,"orders":[{"amount":0.0398,"safe_price":1632.83,"ft_order_side":"buy","order_filled_timestamp":1744221600000,"ft_is_entry":true,"ft_order_tag":"mom_macd_rsi","cost":65.05162063399999},{"amount":0.0398,"safe_price":1639.65,"ft_order_side":"sell","order_filled_timestamp":1744224600000,"ft_is_entry":false,"ft_order_tag":"mom_loss_momentum","cost":65.32332807}],"funding_fees":0.0},{"pair":"ETH/USDT","stake_amount":69.710868,"max_stake_amount":69.710868,"amount":0.0324,"open_date":"2025-05-08 20:45:00+00:00","close_date":"2025-05-08 21:20:00+00:00","open_rate":2151.57,"close_rate":2203.74,"fee_open":0.001,"fee_close":0.001,"trade_duration":35,"profit_ratio":0.022200961716447306,"profit_abs":1.54919596,"exit_reason":"trailing_stop_loss","initial_stop_loss_abs":1549.14,"initial_stop_loss_ratio":-0.28,"stop_loss_abs":2203.74,"stop_loss_ratio":-0.01,"min_rate":2145.27,"max_rate":2226.0,"is_open":false,"enter_tag":"mom_macd_rsi","leverage":1.0,"is_short":false,"open_timestamp":1746737100000,"close_timestamp":1746739200000,"orders":[{"amount":0.0324,"safe_price":2151.57,"ft_order_side":"buy","order_filled_timestamp":1746737100000,"ft_is_entry":true,"ft_order_tag":"mom_macd_rsi","cost":69.78057886799999},{"amount":0.0324,"safe_price":2203.74,"ft_order_side":"sell","order_filled_timestamp":1746739200000,"ft_is_entry":false,"ft_order_tag":"trailing_stop_loss","cost":71.47257717599999}],"funding_fees":0.0},{"pair":"ETH/USDT","stake_amount":69.987364,"max_stake_amount":69.987364,"amount":0.0316,"open_date":"2025-05-08 21:25:00+00:00","close_date":"2025-05-08 21:45:00+00:00","open_rate":2214.79,"close_rate":2180.81,"fee_open":0.001,"fee_close":0.001,"trade_duration":20,"profit_ratio":-0.01730966039094575,"profit_abs":-1.21266896,"exit_reason":"mom_loss_momentum","initial_stop_loss_abs":1594.65,"initial_stop_loss_ratio":-0.28,"stop_loss_abs":1594.65,"stop_loss_ratio":-0.28,"min_rate":2167.0,"max_rate":2215.29,"is_open":false,"enter_tag":"mom_macd_rsi","leverage":1.0,"is_short":false,"open_timestamp":1746739500000,"close_timestamp":1746740700000,"orders":[{"amount":0.0316,"safe_price":2214.79,"ft_order_side":"buy","order_filled_timestamp":1746739500000,"ft_is_entry":true,"ft_order_tag":"mom_macd_rsi","cost":70.057351364},{"amount":0.0316,"safe_price":2180.81,"ft_order_side":"sell","order_filled_timestamp":1746740700000,"ft_is_entry":false,"ft_order_tag":"mom_loss_momentum","cost":68.98250959599999}],"funding_fees":0.0},{"pair":"ETH/USDT","stake_amount":69.871626,"max_stake_amount":69.871626,"amount":0.0297,"open_date":"2025-05-09 07:45:00+00:00","close_date":"2025-05-09 08:25:00+00:00","open_rate":2352.58,"close_rate":2418.36,"fee_open":0.001,"fee_close":0.001,"trade_duration":40,"profit_ratio":0.025906924236726952,"profit_abs":1.81196908,"exit_reason":"trailing_stop_loss","initial_stop_loss_abs":1693.86,"initial_stop_loss_ratio":-0.28,"stop_loss_abs":2418.36,"stop_loss_ratio":-0.01,"min_rate":2346.22,"max_rate":2442.78,"is_open":false,"enter_tag":"mom_macd_rsi","leverage":1.0,"is_short":false,"open_timestamp":1746776700000,"close_timestamp":1746779100000,"orders":[{"amount":0.0297,"safe_price":2352.58,"ft_order_side":"buy","order_filled_timestamp":1746776700000,"ft_is_entry":true,"ft_order_tag":"mom_macd_rsi","cost":69.941497626},{"amount":0.0297,"safe_price":2418.36,"ft_order_side":"sell","order_filled_timestamp":1746779100000,"ft_is_entry":false,"ft_order_tag":"trailing_stop_loss","cost":71.89711729199999}],"funding_fees":0.0},{"pair":"ETH/USDT","stake_amount":69.915456,"max_stake_amount":69.915456,"amount":0.0288,"open_date":"2025-05-09 08:30:00+00:00","close_date":"2025-05-09 08:55:00+00:00","open_rate":2427.62,"close_rate":2407.93,"fee_open":0.001,"fee_close":0.001,"trade_duration":25,"profit_ratio":-0.010092621147893392,"profit_abs":-0.70633584,"exit_reason":"mom_loss_momentum","initial_stop_loss_abs":1747.89,"initial_stop_loss_ratio":-0.28,"stop_loss_abs":1747.89,"stop_loss_ratio":-0.28,"min_rate":2366.36,"max_rate":2490.77,"is_open":false,"enter_tag":"mom_macd_rsi","leverage":1.0,"is_short":false,"open_timestamp":1746779400000,"close_timestamp":1746780900000,"orders":[{"amount":0.0288,"safe_price":2427.62,"ft_order_side":"buy","order_filled_timestamp":1746779400000,"ft_is_entry":true,"ft_order_tag":"mom_macd_rsi","cost":69.98537145599998},{"amount":0.0288,"safe_price":2407.93,"ft_order_side":"sell","order_filled_timestamp":1746780900000,"ft_is_entry":false,"ft_order_tag":"mom_loss_momentum","cost":69.41773238399999}],"funding_fees":0.0},{"pair":"ETH/USDT","stake_amount":69.91258,"max_stake_amount":69.91258,"amount":0.0271,"open_date":"2025-05-23 13:35:00+00:00","close_date":"2025-05-23 15:20:00+00:00","open_rate":2579.8,"close_rate":2574.13,"fee_open":0.001,"fee_close":0.001,"trade_duration":105,"profit_ratio":-0.004191455451014174,"profit_abs":-0.2933285,"exit_reason":"mom_loss_momentum","initial_stop_loss_abs":1857.46,"initial_stop_loss_ratio":-0.28,"stop_loss_abs":1857.46,"stop_loss_ratio":-0.28,"min_rate":2564.49,"max_rate":2591.95,"is_open":false,"enter_tag":"mom_macd_rsi","leverage":1.0,"is_short":false,"open_timestamp":1748007300000,"close_timestamp":1748013600000,"orders":[{"amount":0.0271,"safe_price":2579.8,"ft_order_side":"buy","order_filled_timestamp":1748007300000,"ft_is_entry":true,"ft_order_tag":"mom_macd_rsi","cost":69.98249258},{"amount":0.0271,"safe_price":2574.13,"ft_order_side":"sell","order_filled_timestamp":1748013600000,"ft_is_entry":false,"ft_order_tag":"mom_loss_momentum","cost":69.82868192299999}],"funding_fees":0.0},{"pair":"ETH/USDT","stake_amount":69.836364,"max_stake_amount":69.836364,"amount":0.0234,"open_date":"2025-07-10 21:50:00+00:00","close_date":"2025-07-10 22:35:00+00:00","open_rate":2984.46,"close_rate":2960.39,"fee_open":0.001,"fee_close":0.001,"trade_duration":45,"profit_ratio":-0.010046998497170388,"profit_abs":-0.70234749,"exit_reason":"mom_loss_momentum","initial_stop_loss_abs":2148.82,"initial_stop_loss_ratio":-0.28,"stop_loss_abs":2148.82,"stop_loss_ratio":-0.28,"min_rate":2952.44,"max_rate":3000.0,"is_open":false,"enter_tag":"mom_macd_rsi","leverage":1.0,"is_short":false,"open_timestamp":1752184200000,"close_timestamp":1752186900000,"orders":[{"amount":0.0234,"safe_price":2984.46,"ft_order_side":"buy","order_filled_timestamp":1752184200000,"ft_is_entry":true,"ft_order_tag":"mom_macd_rsi","cost":69.906200364},{"amount":0.0234,"safe_price":2960.39,"ft_order_side":"sell","order_filled_timestamp":1752186900000,"ft_is_entry":false,"ft_order_tag":"mom_loss_momentum","cost":69.342399126}],"funding_fees":0.0},{"pair":"ETH/USDT","stake_amount":69.83775,"max_stake_amount":69.83775,"amount":0.015,"open_date":"2025-08-14 14:30:00+00:00","close_date":"2025-08-14 15:25:00+00:00","open_rate":4655.85,"close_rate":4608.03,"fee_open":0.001,"fee_close":0.001,"trade_duration":55,"profit_ratio":-0.012248430071169205,"profit_abs":-0.8562582,"exit_reason":"mom_loss_momentum","initial_stop_loss_abs":3352.22,"initial_stop_loss_ratio":-0.28,"stop_loss_abs":3352.22,"stop_loss_ratio":-0.28,"min_rate":4588.4,"max_rate":4703.71,"is_open":false,"enter_tag":"mom_macd_rsi","leverage":1.0,"is_short":false,"open_timestamp":1755181800000,"close_timestamp":1755185100000,"orders":[{"amount":0.015,"safe_price":4655.85,"ft_order_side":"buy","order_filled_timestamp":1755181800000,"ft_is_entry":true,"ft_order_tag":"mom_macd_rsi","cost":69.90758774999999},{"amount":0.015,"safe_price":4608.03,"ft_order_side":"sell","order_filled_timestamp":1755185100000,"ft_is_entry":false,"ft_order_tag":"mom_loss_momentum","cost":69.18957044999998}],"funding_fees":0.0}],"locks":[],"best_pair":{"key":"BTC/USDT","trades":7,"profit_mean":0.0016721764463560795,"profit_mean_pct":0.17,"profit_total_abs":0.91794636,"profit_total":0.00091794636,"profit_total_pct":0.09,"duration_avg":"0:48:00","wins":2,"draws":0,"losses":5,"winrate":0.2857142857142857,"cagr":0.001476404832937872,"expectancy":0.1311351942857143,"expectancy_ratio":0.2535382238399022,"sortino":0.25895789345928955,"sharpe":0.06922587168602985,"calmar":6.4522868209304916,"sqn":0.2878,"profit_factor":1.354953513375863,"max_drawdown_account":0.0011973585353493934,"max_drawdown_abs":1.1998943499999999},"worst_pair":{"key":"ETH/USDT","trades":23,"profit_mean":-0.001607702362893955,"profit_mean_pct":-0.16,"profit_total_abs":-2.63703548,"profit_total":-0.00263703548,"profit_total_pct":-0.26,"duration_avg":"0:51:00","wins":10,"draws":0,"losses":13,"winrate":0.43478260869565216,"cagr":-0.004236767235872518,"expectancy":-0.114653716521739,"expectancy_ratio":-0.1464087899625265,"sortino":-0.49057660170586115,"sharpe":-0.23038875034808387,"calmar":-4.9117305893334064,"sqn":-0.5582,"profit_factor":0.7409690639124531,"max_drawdown_account":0.00451858036228138,"max_drawdown_abs":4.51864499},"results_per_pair":[{"key":"BTC/USDT","trades":7,"profit_mean":0.0016721764463560795,"profit_mean_pct":0.17,"profit_total_abs":0.91794636,"profit_total":0.00091794636,"profit_total_pct":0.09,"duration_avg":"0:48:00","wins":2,"draws":0,"losses":5,"winrate":0.2857142857142857,"cagr":0.001476404832937872,"expectancy":0.1311351942857143,"expectancy_ratio":0.2535382238399022,"sortino":0.25895789345928955,"sharpe":0.06922587168602985,"calmar":6.4522868209304916,"sqn":0.2878,"profit_factor":1.354953513375863,"max_drawdown_account":0.0011973585353493934,"max_drawdown_abs":1.1998943499999999},{"key":"ETH/USDT","trades":23,"profit_mean":-0.001607702362893955,"profit_mean_pct":-0.16,"profit_total_abs":-2.63703548,"profit_total":-0.00263703548,"profit_total_pct":-0.26,"duration_avg":"0:51:00","wins":10,"draws":0,"losses":13,"winrate":0.43478260869565216,"cagr":-0.004236767235872518,"expectancy":-0.114653716521739,"expectancy_ratio":-0.1464087899625265,"sortino":-0.49057660170586115,"sharpe":-0.23038875034808387,"calmar":-4.9117305893334064,"sqn":-0.5582,"profit_factor":0.7409690639124531,"max_drawdown_account":0.00451858036228138,"max_drawdown_abs":4.51864499},{"key":"TOTAL","trades":30,"profit_mean":-0.0008423973074022796,"profit_mean_pct":-0.08,"profit_total_abs":-1.7190891200000005,"profit_total":-0.0017190891200000004,"profit_total_pct":-0.17,"duration_avg":"0:50:00","wins":12,"draws":0,"losses":18,"winrate":0.4,"cagr":-0.0027627294124934476,"expectancy":-0.057302970666666675,"expectancy_ratio":-0.08079381047034473,"sortino":-0.33482441945376357,"sharpe":-0.14375982196822884,"calmar":-4.054327227912132,"sqn":-0.3066,"profit_factor":0.8653436492160922,"max_drawdown_account":0.003568618879257548,"max_drawdown_abs":3.56866992}],"results_per_enter_tag":[{"key":"mom_macd_rsi","trades":30,"profit_mean":-0.0008423973074022796,"profit_mean_pct":-0.08,"profit_total_abs":-1.7190891200000005,"profit_total":-0.0017190891200000004,"profit_total_pct":-0.17,"duration_avg":"0:50:00","wins":12,"draws":0,"losses":18,"winrate":0.4,"cagr":-0.0027627294124934476,"expectancy":-0.057302970666666675,"expectancy_ratio":-0.08079381047034473,"sortino":-0.33482441945376357,"sharpe":-0.14375982196822884,"calmar":-4.054327227912132,"sqn":-0.3066,"profit_factor":0.8653436492160922,"max_drawdown_account":0.003568618879257548,"max_drawdown_abs":3.56866992},{"key":"TOTAL","trades":30,"profit_mean":-0.0008423973074022796,"profit_mean_pct":-0.08,"profit_total_abs":-1.7190891200000005,"profit_total":-0.0017190891200000004,"profit_total_pct":-0.17,"duration_avg":"0:50:00","wins":12,"draws":0,"losses":18,"winrate":0.4,"cagr":-0.0027627294124934476,"expectancy":-0.057302970666666675,"expectancy_ratio":-0.08079381047034473,"sortino":-0.33482441945376357,"sharpe":-0.14375982196822884,"calmar":-4.054327227912132,"sqn":-0.3066,"profit_factor":0.8653436492160922,"max_drawdown_account":0.003568618879257548,"max_drawdown_abs":3.56866992}],"exit_reason_summary":[{"key":"trailing_stop_loss","trades":4,"profit_mean":0.02847611564430853,"profit_mean_pct":2.85,"profit_total_abs":7.926199210000001,"profit_total":0.00792619921,"profit_total_pct":0.79,"duration_avg":"0:40:00","wins":4,"draws":0,"losses":0,"winrate":1.0,"cagr":0.012775443720052904,"expectancy":1.9815498025000002,"expectancy_ratio":100.0,"sortino":-100,"sharpe":2.011701616044399,"calmar":-100,"sqn":10.3501,"profit_factor":0.0,"max_drawdown_account":0.0,"max_drawdown_abs":0.0},{"key":"mom_loss_momentum","trades":26,"profit_mean":-0.0053529377615116345,"profit_mean_pct":-0.54,"profit_total_abs":-9.645288329999998,"profit_total":-0.009645288329999998,"profit_total_pct":-0.96,"duration_avg":"0:52:00","wins":8,"draws":0,"losses":18,"winrate":0.3076923076923077,"cagr":-0.015463416729384671,"expectancy":-0.370972628076923,"expectancy_ratio":-0.5230495357192291,"sortino":-1.8785983972467992,"sharpe":-1.261810192497047,"calmar":-8.403946200127107,"sqn":-2.8832,"profit_factor":0.24448400396111347,"max_drawdown_account":0.009659452834130297,"max_drawdown_abs":9.65959099},{"key":"TOTAL","trades":30,"profit_mean":-0.0008423973074022796,"profit_mean_pct":-0.08,"profit_total_abs":-1.7190891200000005,"profit_total":-0.0017190891200000004,"profit_total_pct":-0.17,"duration_avg":"0:50:00","wins":12,"draws":0,"losses":18,"winrate":0.4,"cagr":-0.0027627294124934476,"expectancy":-0.057302970666666675,"expectancy_ratio":-0.08079381047034473,"sortino":-0.33482441945376357,"sharpe":-0.14375982196822884,"calmar":-4.054327227912132,"sqn":-0.3066,"profit_factor":0.8653436492160922,"max_drawdown_account":0.003568618879257548,"max_drawdown_abs":3.56866992}],"mix_tag_stats":[{"key":["mom_macd_rsi","trailing_stop_loss"],"trades":4,"profit_mean":0.02847611564430853,"profit_mean_pct":2.85,"profit_total_abs":7.926199210000001,"profit_total":0.00792619921,"profit_total_pct":0.79,"duration_avg":"0:40:00","wins":4,"draws":0,"losses":0,"winrate":1.0,"cagr":0.012775443720052904,"expectancy":1.9815498025000002,"expectancy_ratio":100.0,"sortino":-100,"sharpe":2.011701616044399,"calmar":-100,"sqn":10.3501,"profit_factor":0.0,"max_drawdown_account":0.0,"max_drawdown_abs":0.0},{"key":["mom_macd_rsi","mom_loss_momentum"],"trades":26,"profit_mean":-0.0053529377615116345,"profit_mean_pct":-0.54,"profit_total_abs":-9.645288329999998,"profit_total":-0.009645288329999998,"profit_total_pct":-0.96,"duration_avg":"0:52:00","wins":8,"draws":0,"losses":18,"winrate":0.3076923076923077,"cagr":-0.015463416729384671,"expectancy":-0.370972628076923,"expectancy_ratio":-0.5230495357192291,"sortino":-1.8785983972467992,"sharpe":-1.261810192497047,"calmar":-8.403946200127107,"sqn":-2.8832,"profit_factor":0.24448400396111347,"max_drawdown_account":0.009659452834130297,"max_drawdown_abs":9.65959099},{"key":"TOTAL","trades":30,"profit_mean":-0.0008423973074022796,"profit_mean_pct":-0.08,"profit_total_abs":-1.7190891200000005,"profit_total":-0.0017190891200000004,"profit_total_pct":-0.17,"duration_avg":"0:50:00","wins":12,"draws":0,"losses":18,"winrate":0.4,"cagr":-0.0027627294124934476,"expectancy":-0.057302970666666675,"expectancy_ratio":-0.08079381047034473,"sortino":-0.33482441945376357,"sharpe":-0.14375982196822884,"calmar":-4.054327227912132,"sqn":-0.3066,"profit_factor":0.8653436492160922,"max_drawdown_account":0.003568618879257548,"max_drawdown_abs":3.56866992}],"left_open_trades":[{"key":"TOTAL","trades":0,"profit_mean":0.0,"profit_mean_pct":0.0,"profit_total_abs":0.0,"profit_total":0.0,"profit_total_pct":0.0,"duration_avg":"0:00","wins":0,"draws":0,"losses":0,"winrate":0.0,"cagr":0.0,"expectancy":0.0,"expectancy_ratio":100.0,"sortino":0,"sharpe":0,"calmar":0,"sqn":0.0,"profit_factor":0.0,"max_drawdown_account":0.0,"max_drawdown_abs":0.0}],"total_trades":30,"trade_count_long":30,"trade_count_short":0,"total_volume":4130.5246045062995,"avg_stake_amount":68.73318162000001,"profit_mean":-0.0008423973074022796,"profit_median":-0.0036373021785189893,"profit_total":-0.0017190891200000004,"profit_total_long":-0.0017190891200000004,"profit_total_short":0.0,"profit_total_abs":-1.7190891200000005,"profit_total_long_abs":-1.7190891200000005,"profit_total_short_abs":0.0,"cagr":-0.0027627294124934476,"expectancy":-0.057302970666666675,"expectancy_ratio":-0.08079381047034473,"sortino":-0.33482441945376357,"sharpe":-0.14375982196822884,"calmar":-4.054327227912132,"sqn":-0.3066,"profit_factor":0.8653436492160922,"backtest_start":"2025-01-01 00:00:00","backtest_start_ts":1735689600000,"backtest_end":"2025-08-16 01:45:00","backtest_end_ts":1755308700000,"backtest_days":227,"backtest_run_start_ts":1755309127,"backtest_run_end_ts":1755309129,"trades_per_day":0.13,"market_change":0.30073399973989234,"pairlist":["BTC/USDT","ETH/USDT"],"stake_amount":"unlimited","stake_currency":"USDT","stake_currency_decimals":3,"starting_balance":1000,"dry_run_wallet":1000,"final_balance":998.28091088,"rejected_signals":0,"timedout_entry_orders":0,"timedout_exit_orders":0,"canceled_trade_entries":0,"canceled_entry_orders":0,"replaced_entry_orders":0,"max_open_trades":2,"max_open_trades_setting":3,"timeframe":"5m","timeframe_detail":"","timerange":"20250101-","enable_protections":false,"strategy_name":"MomentumMacdRsiStrategy","stoploss":-0.28,"trailing_stop":true,"trailing_stop_positive":0.01,"trailing_stop_positive_offset":0.03,"trailing_only_offset_is_reached":true,"use_custom_stoploss":false,"minimal_roi":{"0":0.184,"37":0.056,"88":0.04,"157":0},"use_exit_signal":true,"exit_profit_only":false,"exit_profit_offset":0.0,"ignore_roi_if_entry_signal":false,"trading_mode":"spot","margin_mode":"","periodic_breakdown":{"day":[{"date":"19/01/2025","date_ts":1737244800000,"profit_abs":0.01430266,"wins":1,"draws":0,"losses":0,"trades":1,"profit_factor":0.0},{"date":"20/01/2025","date_ts":1737331200000,"profit_abs":-0.70167506,"wins":0,"draws":0,"losses":1,"trades":1,"profit_factor":0.0},{"date":"21/01/2025","date_ts":1737417600000,"profit_abs":0.0,"wins":0,"draws":0,"losses":0,"trades":0,"profit_factor":0.0},{"date":"22/01/2025","date_ts":1737504000000,"profit_abs":0.0,"wins":0,"draws":0,"losses":0,"trades":0,"profit_factor":0.0},{"date":"23/01/2025","date_ts":1737590400000,"profit_abs":0.0,"wins":0,"draws":0,"losses":0,"trades":0,"profit_factor":0.0},{"date":"24/01/2025","date_ts":1737676800000,"profit_abs":0.0,"wins":0,"draws":0,"losses":0,"trades":0,"profit_factor":0.0},{"date":"25/01/2025","date_ts":1737763200000,"profit_abs":0.0,"wins":0,"draws":0,"losses":0,"trades":0,"profit_factor":0.0},{"date":"26/01/2025","date_ts":1737849600000,"profit_abs":0.0,"wins":0,"draws":0,"losses":0,"trades":0,"profit_factor":0.0},{"date":"27/01/2025","date_ts":1737936000000,"profit_abs":0.0,"wins":0,"draws":0,"losses":0,"trades":0,"profit_factor":0.0},{"date":"28/01/2025","date_ts":1738022400000,"profit_abs":0.0,"wins":0,"draws":0,"losses":0,"trades":0,"profit_factor":0.0},{"date":"29/01/2025","date_ts":1738108800000,"profit_abs":0.0,"wins":0,"draws":0,"losses":0,"trades":0,"profit_factor":0.0},{"date":"30/01/2025","date_ts":1738195200000,"profit_abs":0.0,"wins":0,"draws":0,"losses":0,"trades":0,"profit_factor":0.0},{"date":"31/01/2025","date_ts":1738281600000,"profit_abs":0.0,"wins":0,"draws":0,"losses":0,"trades":0,"profit_factor":0.0},{"date":"01/02/2025","date_ts":1738368000000,"profit_abs":0.0,"wins":0,"draws":0,"losses":0,"trades":0,"profit_factor":0.0},{"date":"02/02/2025","date_ts":1738454400000,"profit_abs":0.0,"wins":0,"draws":0,"losses":0,"trades":0,"profit_factor":0.0},{"date":"03/02/2025","date_ts":1738540800000,"profit_abs":-2.13789784,"wins":2,"draws":0,"losses":3,"trades":5,"profit_factor":0.25430706},{"date":"04/02/2025","date_ts":1738627200000,"profit_abs":-0.41067341,"wins":0,"draws":0,"losses":1,"trades":1,"profit_factor":0.0},{"date":"05/02/2025","date_ts":1738713600000,"profit_abs":0.0,"wins":0,"draws":0,"losses":0,"trades":0,"profit_factor":0.0},{"date":"06/02/2025","date_ts":1738800000000,"profit_abs":0.0,"wins":0,"draws":0,"losses":0,"trades":0,"profit_factor":0.0},{"date":"07/02/2025","date_ts":1738886400000,"profit_abs":0.0,"wins":0,"draws":0,"losses":0,"trades":0,"profit_factor":0.0},{"date":"08/02/2025","date_ts":1738972800000,"profit_abs":0.0,"wins":0,"draws":0,"losses":0,"trades":0,"profit_factor":0.0},{"date":"09/02/2025","date_ts":1739059200000,"profit_abs":0.0,"wins":0,"draws":0,"losses":0,"trades":0,"profit_factor":0.0},{"date":"10/02/2025","date_ts":1739145600000,"profit_abs":0.0,"wins":0,"draws":0,"losses":0,"trades":0,"profit_factor":0.0},{"date":"11/02/2025","date_ts":1739232000000,"profit_abs":0.0,"wins":0,"draws":0,"losses":0,"trades":0,"profit_factor":0.0},{"date":"12/02/2025","date_ts":1739318400000,"profit_abs":0.0,"wins":0,"draws":0,"losses":0,"trades":0,"profit_factor":0.0},{"date":"13/02/2025","date_ts":1739404800000,"profit_abs":0.0,"wins":0,"draws":0,"losses":0,"trades":0,"profit_factor":0.0},{"date":"14/02/2025","date_ts":1739491200000,"profit_abs":0.0,"wins":0,"draws":0,"losses":0,"trades":0,"profit_factor":0.0},{"date":"15/02/2025","date_ts":1739577600000,"profit_abs":0.0,"wins":0,"draws":0,"losses":0,"trades":0,"profit_factor":0.0},{"date":"16/02/2025","date_ts":1739664000000,"profit_abs":0.0,"wins":0,"draws":0,"losses":0,"trades":0,"profit_factor":0.0},{"date":"17/02/2025","date_ts":1739750400000,"profit_abs":0.0,"wins":0,"draws":0,"losses":0,"trades":0,"profit_factor":0.0},{"date":"18/02/2025","date_ts":1739836800000,"profit_abs":0.0,"wins":0,"draws":0,"losses":0,"trades":0,"profit_factor":0.0},{"date":"19/02/2025","date_ts":1739923200000,"profit_abs":0.0,"wins":0,"draws":0,"losses":0,"trades":0,"profit_factor":0.0},{"date":"20/02/2025","date_ts":1740009600000,"profit_abs":0.0,"wins":0,"draws":0,"losses":0,"trades":0,"profit_factor":0.0},{"date":"21/02/2025","date_ts":1740096000000,"profit_abs":0.0,"wins":0,"draws":0,"losses":0,"trades":0,"profit_factor":0.0},{"date":"22/02/2025","date_ts":1740182400000,"profit_abs":0.0,"wins":0,"draws":0,"losses":0,"trades":0,"profit_factor":0.0},{"date":"23/02/2025","date_ts":1740268800000,"profit_abs":0.0,"wins":0,"draws":0,"losses":0,"trades":0,"profit_factor":0.0},{"date":"24/02/2025","date_ts":1740355200000,"profit_abs":0.0,"wins":0,"draws":0,"losses":0,"trades":0,"profit_factor":0.0},{"date":"25/02/2025","date_ts":1740441600000,"profit_abs":0.0,"wins":0,"draws":0,"losses":0,"trades":0,"profit_factor":0.0},{"date":"26/02/2025","date_ts":1740528000000,"profit_abs":0.0,"wins":0,"draws":0,"losses":0,"trades":0,"profit_factor":0.0},{"date":"27/02/2025","date_ts":1740614400000,"profit_abs":0.0,"wins":0,"draws":0,"losses":0,"trades":0,"profit_factor":0.0},{"date":"28/02/2025","date_ts":1740700800000,"profit_abs":0.0,"wins":0,"draws":0,"losses":0,"trades":0,"profit_factor":0.0},{"date":"01/03/2025","date_ts":1740787200000,"profit_abs":0.0,"wins":0,"draws":0,"losses":0,"trades":0,"profit_factor":0.0},{"date":"02/03/2025","date_ts":1740873600000,"profit_abs":2.67882845,"wins":2,"draws":0,"losses":1,"trades":3,"profit_factor":14.42205341},{"date":"03/03/2025","date_ts":1740960000000,"profit_abs":0.0,"wins":0,"draws":0,"losses":0,"trades":0,"profit_factor":0.0},{"date":"04/03/2025","date_ts":1741046400000,"profit_abs":0.64235756,"wins":1,"draws":0,"losses":2,"trades":3,"profit_factor":2.48505783},{"date":"05/03/2025","date_ts":1741132800000,"profit_abs":0.0,"wins":0,"draws":0,"losses":0,"trades":0,"profit_factor":0.0},{"date":"06/03/2025","date_ts":1741219200000,"profit_abs":0.0,"wins":0,"draws":0,"losses":0,"trades":0,"profit_factor":0.0},{"date":"07/03/2025","date_ts":1741305600000,"profit_abs":-2.09951285,"wins":0,"draws":0,"losses":2,"trades":2,"profit_factor":0.0},{"date":"08/03/2025","date_ts":1741392000000,"profit_abs":0.0,"wins":0,"draws":0,"losses":0,"trades":0,"profit_factor":0.0},{"date":"09/03/2025","date_ts":1741478400000,"profit_abs":0.0,"wins":0,"draws":0,"losses":0,"trades":0,"profit_factor":0.0},{"date":"10/03/2025","date_ts":1741564800000,"profit_abs":0.0,"wins":0,"draws":0,"losses":0,"trades":0,"profit_factor":0.0},{"date":"11/03/2025","date_ts":1741651200000,"profit_abs":0.40303078,"wins":1,"draws":0,"losses":0,"trades":1,"profit_factor":0.0},{"date":"12/03/2025","date_ts":1741737600000,"profit_abs":0.0,"wins":0,"draws":0,"losses":0,"trades":0,"profit_factor":0.0},{"date":"13/03/2025","date_ts":1741824000000,"profit_abs":0.0,"wins":0,"draws":0,"losses":0,"trades":0,"profit_factor":0.0},{"date":"14/03/2025","date_ts":1741910400000,"profit_abs":0.0,"wins":0,"draws":0,"losses":0,"trades":0,"profit_factor":0.0},{"date":"15/03/2025","date_ts":1741996800000,"profit_abs":0.0,"wins":0,"draws":0,"losses":0,"trades":0,"profit_factor":0.0},{"date":"16/03/2025","date_ts":1742083200000,"profit_abs":0.0,"wins":0,"draws":0,"losses":0,"trades":0,"profit_factor":0.0},{"date":"17/03/2025","date_ts":1742169600000,"profit_abs":0.0,"wins":0,"draws":0,"losses":0,"trades":0,"profit_factor":0.0},{"date":"18/03/2025","date_ts":1742256000000,"profit_abs":0.0,"wins":0,"draws":0,"losses":0,"trades":0,"profit_factor":0.0},{"date":"19/03/2025","date_ts":1742342400000,"profit_abs":-0.48881162,"wins":0,"draws":0,"losses":1,"trades":1,"profit_factor":0.0},{"date":"20/03/2025","date_ts":1742428800000,"profit_abs":0.0,"wins":0,"draws":0,"losses":0,"trades":0,"profit_factor":0.0},{"date":"21/03/2025","date_ts":1742515200000,"profit_abs":0.0,"wins":0,"draws":0,"losses":0,"trades":0,"profit_factor":0.0},{"date":"22/03/2025","date_ts":1742601600000,"profit_abs":0.0,"wins":0,"draws":0,"losses":0,"trades":0,"profit_factor":0.0},{"date":"23/03/2025","date_ts":1742688000000,"profit_abs":0.0,"wins":0,"draws":0,"losses":0,"trades":0,"profit_factor":0.0},{"date":"24/03/2025","date_ts":1742774400000,"profit_abs":0.0,"wins":0,"draws":0,"losses":0,"trades":0,"profit_factor":0.0},{"date":"25/03/2025","date_ts":1742860800000,"profit_abs":0.0,"wins":0,"draws":0,"losses":0,"trades":0,"profit_factor":0.0},{"date":"26/03/2025","date_ts":1742947200000,"profit_abs":0.0,"wins":0,"draws":0,"losses":0,"trades":0,"profit_factor":0.0},{"date":"27/03/2025","date_ts":1743033600000,"profit_abs":0.0,"wins":0,"draws":0,"losses":0,"trades":0,"profit_factor":0.0},{"date":"28/03/2025","date_ts":1743120000000,"profit_abs":0.0,"wins":0,"draws":0,"losses":0,"trades":0,"profit_factor":0.0},{"date":"29/03/2025","date_ts":1743206400000,"profit_abs":0.0,"wins":0,"draws":0,"losses":0,"trades":0,"profit_factor":0.0},{"date":"30/03/2025","date_ts":1743292800000,"profit_abs":0.0,"wins":0,"draws":0,"losses":0,"trades":0,"profit_factor":0.0},{"date":"31/03/2025","date_ts":1743379200000,"profit_abs":0.0,"wins":0,"draws":0,"losses":0,"trades":0,"profit_factor":0.0},{"date":"01/04/2025","date_ts":1743465600000,"profit_abs":0.0,"wins":0,"draws":0,"losses":0,"trades":0,"profit_factor":0.0},{"date":"02/04/2025","date_ts":1743552000000,"profit_abs":0.0,"wins":0,"draws":0,"losses":0,"trades":0,"profit_factor":0.0},{"date":"03/04/2025","date_ts":1743638400000,"profit_abs":0.0,"wins":0,"draws":0,"losses":0,"trades":0,"profit_factor":0.0},{"date":"04/04/2025","date_ts":1743724800000,"profit_abs":0.0,"wins":0,"draws":0,"losses":0,"trades":0,"profit_factor":0.0},{"date":"05/04/2025","date_ts":1743811200000,"profit_abs":0.0,"wins":0,"draws":0,"losses":0,"trades":0,"profit_factor":0.0},{"date":"06/04/2025","date_ts":1743897600000,"profit_abs":0.0,"wins":0,"draws":0,"losses":0,"trades":0,"profit_factor":0.0},{"date":"07/04/2025","date_ts":1743984000000,"profit_abs":-1.27070394,"wins":1,"draws":0,"losses":1,"trades":2,"profit_factor":0.19581424},{"date":"08/04/2025","date_ts":1744070400000,"profit_abs":0.0,"wins":0,"draws":0,"losses":0,"trades":0,"profit_factor":0.0},{"date":"09/04/2025","date_ts":1744156800000,"profit_abs":2.0614401,"wins":2,"draws":0,"losses":1,"trades":3,"profit_factor":10.55960586},{"date":"10/04/2025","date_ts":1744243200000,"profit_abs":0.0,"wins":0,"draws":0,"losses":0,"trades":0,"profit_factor":0.0},{"date":"11/04/2025","date_ts":1744329600000,"profit_abs":0.0,"wins":0,"draws":0,"losses":0,"trades":0,"profit_factor":0.0},{"date":"12/04/2025","date_ts":1744416000000,"profit_abs":0.0,"wins":0,"draws":0,"losses":0,"trades":0,"profit_factor":0.0},{"date":"13/04/2025","date_ts":1744502400000,"profit_abs":0.0,"wins":0,"draws":0,"losses":0,"trades":0,"profit_factor":0.0},{"date":"14/04/2025","date_ts":1744588800000,"profit_abs":0.0,"wins":0,"draws":0,"losses":0,"trades":0,"profit_factor":0.0},{"date":"15/04/2025","date_ts":1744675200000,"profit_abs":0.0,"wins":0,"draws":0,"losses":0,"trades":0,"profit_factor":0.0},{"date":"16/04/2025","date_ts":1744761600000,"profit_abs":0.0,"wins":0,"draws":0,"losses":0,"trades":0,"profit_factor":0.0},{"date":"17/04/2025","date_ts":1744848000000,"profit_abs":0.0,"wins":0,"draws":0,"losses":0,"trades":0,"profit_factor":0.0},{"date":"18/04/2025","date_ts":1744934400000,"profit_abs":0.0,"wins":0,"draws":0,"losses":0,"trades":0,"profit_factor":0.0},{"date":"19/04/2025","date_ts":1745020800000,"profit_abs":0.0,"wins":0,"draws":0,"losses":0,"trades":0,"profit_factor":0.0},{"date":"20/04/2025","date_ts":1745107200000,"profit_abs":0.0,"wins":0,"draws":0,"losses":0,"trades":0,"profit_factor":0.0},{"date":"21/04/2025","date_ts":1745193600000,"profit_abs":0.0,"wins":0,"draws":0,"losses":0,"trades":0,"profit_factor":0.0},{"date":"22/04/2025","date_ts":1745280000000,"profit_abs":0.0,"wins":0,"draws":0,"losses":0,"trades":0,"profit_factor":0.0},{"date":"23/04/2025","date_ts":1745366400000,"profit_abs":0.0,"wins":0,"draws":0,"losses":0,"trades":0,"profit_factor":0.0},{"date":"24/04/2025","date_ts":1745452800000,"profit_abs":0.0,"wins":0,"draws":0,"losses":0,"trades":0,"profit_factor":0.0},{"date":"25/04/2025","date_ts":1745539200000,"profit_abs":0.0,"wins":0,"draws":0,"losses":0,"trades":0,"profit_factor":0.0},{"date":"26/04/2025","date_ts":1745625600000,"profit_abs":0.0,"wins":0,"draws":0,"losses":0,"trades":0,"profit_factor":0.0},{"date":"27/04/2025","date_ts":1745712000000,"profit_abs":0.0,"wins":0,"draws":0,"losses":0,"trades":0,"profit_factor":0.0},{"date":"28/04/2025","date_ts":1745798400000,"profit_abs":0.0,"wins":0,"draws":0,"losses":0,"trades":0,"profit_factor":0.0},{"date":"29/04/2025","date_ts":1745884800000,"profit_abs":0.0,"wins":0,"draws":0,"losses":0,"trades":0,"profit_factor":0.0},{"date":"30/04/2025","date_ts":1745971200000,"profit_abs":0.0,"wins":0,"draws":0,"losses":0,"trades":0,"profit_factor":0.0},{"date":"01/05/2025","date_ts":1746057600000,"profit_abs":0.0,"wins":0,"draws":0,"losses":0,"trades":0,"profit_factor":0.0},{"date":"02/05/2025","date_ts":1746144000000,"profit_abs":0.0,"wins":0,"draws":0,"losses":0,"trades":0,"profit_factor":0.0},{"date":"03/05/2025","date_ts":1746230400000,"profit_abs":0.0,"wins":0,"draws":0,"losses":0,"trades":0,"profit_factor":0.0},{"date":"04/05/2025","date_ts":1746316800000,"profit_abs":0.0,"wins":0,"draws":0,"losses":0,"trades":0,"profit_factor":0.0},{"date":"05/05/2025","date_ts":1746403200000,"profit_abs":0.0,"wins":0,"draws":0,"losses":0,"trades":0,"profit_factor":0.0},{"date":"06/05/2025","date_ts":1746489600000,"profit_abs":0.0,"wins":0,"draws":0,"losses":0,"trades":0,"profit_factor":0.0},{"date":"07/05/2025","date_ts":1746576000000,"profit_abs":0.0,"wins":0,"draws":0,"losses":0,"trades":0,"profit_factor":0.0},{"date":"08/05/2025","date_ts":1746662400000,"profit_abs":0.336527,"wins":1,"draws":0,"losses":1,"trades":2,"profit_factor":1.27750937},{"date":"09/05/2025","date_ts":1746748800000,"profit_abs":1.10563324,"wins":1,"draws":0,"losses":1,"trades":2,"profit_factor":2.56530814},{"date":"10/05/2025","date_ts":1746835200000,"profit_abs":0.0,"wins":0,"draws":0,"losses":0,"trades":0,"profit_factor":0.0},{"date":"11/05/2025","date_ts":1746921600000,"profit_abs":0.0,"wins":0,"draws":0,"losses":0,"trades":0,"profit_factor":0.0},{"date":"12/05/2025","date_ts":1747008000000,"profit_abs":0.0,"wins":0,"draws":0,"losses":0,"trades":0,"profit_factor":0.0},{"date":"13/05/2025","date_ts":1747094400000,"profit_abs":0.0,"wins":0,"draws":0,"losses":0,"trades":0,"profit_factor":0.0},{"date":"14/05/2025","date_ts":1747180800000,"profit_abs":0.0,"wins":0,"draws":0,"losses":0,"trades":0,"profit_factor":0.0},{"date":"15/05/2025","date_ts":1747267200000,"profit_abs":0.0,"wins":0,"draws":0,"losses":0,"trades":0,"profit_factor":0.0},{"date":"16/05/2025","date_ts":1747353600000,"profit_abs":0.0,"wins":0,"draws":0,"losses":0,"trades":0,"profit_factor":0.0},{"date":"17/05/2025","date_ts":1747440000000,"profit_abs":0.0,"wins":0,"draws":0,"losses":0,"trades":0,"profit_factor":0.0},{"date":"18/05/2025","date_ts":1747526400000,"profit_abs":0.0,"wins":0,"draws":0,"losses":0,"trades":0,"profit_factor":0.0},{"date":"19/05/2025","date_ts":1747612800000,"profit_abs":0.0,"wins":0,"draws":0,"losses":0,"trades":0,"profit_factor":0.0},{"date":"20/05/2025","date_ts":1747699200000,"profit_abs":0.0,"wins":0,"draws":0,"losses":0,"trades":0,"profit_factor":0.0},{"date":"21/05/2025","date_ts":1747785600000,"profit_abs":0.0,"wins":0,"draws":0,"losses":0,"trades":0,"profit_factor":0.0},{"date":"22/05/2025","date_ts":1747872000000,"profit_abs":0.0,"wins":0,"draws":0,"losses":0,"trades":0,"profit_factor":0.0},{"date":"23/05/2025","date_ts":1747958400000,"profit_abs":-0.2933285,"wins":0,"draws":0,"losses":1,"trades":1,"profit_factor":0.0},{"date":"24/05/2025","date_ts":1748044800000,"profit_abs":0.0,"wins":0,"draws":0,"losses":0,"trades":0,"profit_factor":0.0},{"date":"25/05/2025","date_ts":1748131200000,"profit_abs":0.0,"wins":0,"draws":0,"losses":0,"trades":0,"profit_factor":0.0},{"date":"26/05/2025","date_ts":1748217600000,"profit_abs":0.0,"wins":0,"draws":0,"losses":0,"trades":0,"profit_factor":0.0},{"date":"27/05/2025","date_ts":1748304000000,"profit_abs":0.0,"wins":0,"draws":0,"losses":0,"trades":0,"profit_factor":0.0},{"date":"28/05/2025","date_ts":1748390400000,"profit_abs":0.0,"wins":0,"draws":0,"losses":0,"trades":0,"profit_factor":0.0},{"date":"29/05/2025","date_ts":1748476800000,"profit_abs":0.0,"wins":0,"draws":0,"losses":0,"trades":0,"profit_factor":0.0},{"date":"30/05/2025","date_ts":1748563200000,"profit_abs":0.0,"wins":0,"draws":0,"losses":0,"trades":0,"profit_factor":0.0},{"date":"31/05/2025","date_ts":1748649600000,"profit_abs":0.0,"wins":0,"draws":0,"losses":0,"trades":0,"profit_factor":0.0},{"date":"01/06/2025","date_ts":1748736000000,"profit_abs":0.0,"wins":0,"draws":0,"losses":0,"trades":0,"profit_factor":0.0},{"date":"02/06/2025","date_ts":1748822400000,"profit_abs":0.0,"wins":0,"draws":0,"losses":0,"trades":0,"profit_factor":0.0},{"date":"03/06/2025","date_ts":1748908800000,"profit_abs":0.0,"wins":0,"draws":0,"losses":0,"trades":0,"profit_factor":0.0},{"date":"04/06/2025","date_ts":1748995200000,"profit_abs":0.0,"wins":0,"draws":0,"losses":0,"trades":0,"profit_factor":0.0},{"date":"05/06/2025","date_ts":1749081600000,"profit_abs":0.0,"wins":0,"draws":0,"losses":0,"trades":0,"profit_factor":0.0},{"date":"06/06/2025","date_ts":1749168000000,"profit_abs":0.0,"wins":0,"draws":0,"losses":0,"trades":0,"profit_factor":0.0},{"date":"07/06/2025","date_ts":1749254400000,"profit_abs":0.0,"wins":0,"draws":0,"losses":0,"trades":0,"profit_factor":0.0},{"date":"08/06/2025","date_ts":1749340800000,"profit_abs":0.0,"wins":0,"draws":0,"losses":0,"trades":0,"profit_factor":0.0},{"date":"09/06/2025","date_ts":1749427200000,"profit_abs":0.0,"wins":0,"draws":0,"losses":0,"trades":0,"profit_factor":0.0},{"date":"10/06/2025","date_ts":1749513600000,"profit_abs":0.0,"wins":0,"draws":0,"losses":0,"trades":0,"profit_factor":0.0},{"date":"11/06/2025","date_ts":1749600000000,"profit_abs":0.0,"wins":0,"draws":0,"losses":0,"trades":0,"profit_factor":0.0},{"date":"12/06/2025","date_ts":1749686400000,"profit_abs":0.0,"wins":0,"draws":0,"losses":0,"trades":0,"profit_factor":0.0},{"date":"13/06/2025","date_ts":1749772800000,"profit_abs":0.0,"wins":0,"draws":0,"losses":0,"trades":0,"profit_factor":0.0},{"date":"14/06/2025","date_ts":1749859200000,"profit_abs":0.0,"wins":0,"draws":0,"losses":0,"trades":0,"profit_factor":0.0},{"date":"15/06/2025","date_ts":1749945600000,"profit_abs":0.0,"wins":0,"draws":0,"losses":0,"trades":0,"profit_factor":0.0},{"date":"16/06/2025","date_ts":1750032000000,"profit_abs":0.0,"wins":0,"draws":0,"losses":0,"trades":0,"profit_factor":0.0},{"date":"17/06/2025","date_ts":1750118400000,"profit_abs":0.0,"wins":0,"draws":0,"losses":0,"trades":0,"profit_factor":0.0},{"date":"18/06/2025","date_ts":1750204800000,"profit_abs":0.0,"wins":0,"draws":0,"losses":0,"trades":0,"profit_factor":0.0},{"date":"19/06/2025","date_ts":1750291200000,"profit_abs":0.0,"wins":0,"draws":0,"losses":0,"trades":0,"profit_factor":0.0},{"date":"20/06/2025","date_ts":1750377600000,"profit_abs":0.0,"wins":0,"draws":0,"losses":0,"trades":0,"profit_factor":0.0},{"date":"21/06/2025","date_ts":1750464000000,"profit_abs":0.0,"wins":0,"draws":0,"losses":0,"trades":0,"profit_factor":0.0},{"date":"22/06/2025","date_ts":1750550400000,"profit_abs":0.0,"wins":0,"draws":0,"losses":0,"trades":0,"profit_factor":0.0},{"date":"23/06/2025","date_ts":1750636800000,"profit_abs":0.0,"wins":0,"draws":0,"losses":0,"trades":0,"profit_factor":0.0},{"date":"24/06/2025","date_ts":1750723200000,"profit_abs":0.0,"wins":0,"draws":0,"losses":0,"trades":0,"profit_factor":0.0},{"date":"25/06/2025","date_ts":1750809600000,"profit_abs":0.0,"wins":0,"draws":0,"losses":0,"trades":0,"profit_factor":0.0},{"date":"26/06/2025","date_ts":1750896000000,"profit_abs":0.0,"wins":0,"draws":0,"losses":0,"trades":0,"profit_factor":0.0},{"date":"27/06/2025","date_ts":1750982400000,"profit_abs":0.0,"wins":0,"draws":0,"losses":0,"trades":0,"profit_factor":0.0},{"date":"28/06/2025","date_ts":1751068800000,"profit_abs":0.0,"wins":0,"draws":0,"losses":0,"trades":0,"profit_factor":0.0},{"date":"29/06/2025","date_ts":1751155200000,"profit_abs":0.0,"wins":0,"draws":0,"losses":0,"trades":0,"profit_factor":0.0},{"date":"30/06/2025","date_ts":1751241600000,"profit_abs":0.0,"wins":0,"draws":0,"losses":0,"trades":0,"profit_factor":0.0},{"date":"01/07/2025","date_ts":1751328000000,"profit_abs":0.0,"wins":0,"draws":0,"losses":0,"trades":0,"profit_factor":0.0},{"date":"02/07/2025","date_ts":1751414400000,"profit_abs":0.0,"wins":0,"draws":0,"losses":0,"trades":0,"profit_factor":0.0},{"date":"03/07/2025","date_ts":1751500800000,"profit_abs":0.0,"wins":0,"draws":0,"losses":0,"trades":0,"profit_factor":0.0},{"date":"04/07/2025","date_ts":1751587200000,"profit_abs":0.0,"wins":0,"draws":0,"losses":0,"trades":0,"profit_factor":0.0},{"date":"05/07/2025","date_ts":1751673600000,"profit_abs":0.0,"wins":0,"draws":0,"losses":0,"trades":0,"profit_factor":0.0},{"date":"06/07/2025","date_ts":1751760000000,"profit_abs":0.0,"wins":0,"draws":0,"losses":0,"trades":0,"profit_factor":0.0},{"date":"07/07/2025","date_ts":1751846400000,"profit_abs":0.0,"wins":0,"draws":0,"losses":0,"trades":0,"profit_factor":0.0},{"date":"08/07/2025","date_ts":1751932800000,"profit_abs":0.0,"wins":0,"draws":0,"losses":0,"trades":0,"profit_factor":0.0},{"date":"09/07/2025","date_ts":1752019200000,"profit_abs":0.0,"wins":0,"draws":0,"losses":0,"trades":0,"profit_factor":0.0},{"date":"10/07/2025","date_ts":1752105600000,"profit_abs":-0.70234749,"wins":0,"draws":0,"losses":1,"trades":1,"profit_factor":0.0},{"date":"11/07/2025","date_ts":1752192000000,"profit_abs":0.0,"wins":0,"draws":0,"losses":0,"trades":0,"profit_factor":0.0},{"date":"12/07/2025","date_ts":1752278400000,"profit_abs":0.0,"wins":0,"draws":0,"losses":0,"trades":0,"profit_factor":0.0},{"date":"13/07/2025","date_ts":1752364800000,"profit_abs":0.0,"wins":0,"draws":0,"losses":0,"trades":0,"profit_factor":0.0},{"date":"14/07/2025","date_ts":1752451200000,"profit_abs":0.0,"wins":0,"draws":0,"losses":0,"trades":0,"profit_factor":0.0},{"date":"15/07/2025","date_ts":1752537600000,"profit_abs":0.0,"wins":0,"draws":0,"losses":0,"trades":0,"profit_factor":0.0},{"date":"16/07/2025","date_ts":1752624000000,"profit_abs":0.0,"wins":0,"draws":0,"losses":0,"trades":0,"profit_factor":0.0},{"date":"17/07/2025","date_ts":1752710400000,"profit_abs":0.0,"wins":0,"draws":0,"losses":0,"trades":0,"profit_factor":0.0},{"date":"18/07/2025","date_ts":1752796800000,"profit_abs":0.0,"wins":0,"draws":0,"losses":0,"trades":0,"profit_factor":0.0},{"date":"19/07/2025","date_ts":1752883200000,"profit_abs":0.0,"wins":0,"draws":0,"losses":0,"trades":0,"profit_factor":0.0},{"date":"20/07/2025","date_ts":1752969600000,"profit_abs":0.0,"wins":0,"draws":0,"losses":0,"trades":0,"profit_factor":0.0},{"date":"21/07/2025","date_ts":1753056000000,"profit_abs":0.0,"wins":0,"draws":0,"losses":0,"trades":0,"profit_factor":0.0},{"date":"22/07/2025","date_ts":1753142400000,"profit_abs":0.0,"wins":0,"draws":0,"losses":0,"trades":0,"profit_factor":0.0},{"date":"23/07/2025","date_ts":1753228800000,"profit_abs":0.0,"wins":0,"draws":0,"losses":0,"trades":0,"profit_factor":0.0},{"date":"24/07/2025","date_ts":1753315200000,"profit_abs":0.0,"wins":0,"draws":0,"losses":0,"trades":0,"profit_factor":0.0},{"date":"25/07/2025","date_ts":1753401600000,"profit_abs":0.0,"wins":0,"draws":0,"losses":0,"trades":0,"profit_factor":0.0},{"date":"26/07/2025","date_ts":1753488000000,"profit_abs":0.0,"wins":0,"draws":0,"losses":0,"trades":0,"profit_factor":0.0},{"date":"27/07/2025","date_ts":1753574400000,"profit_abs":0.0,"wins":0,"draws":0,"losses":0,"trades":0,"profit_factor":0.0},{"date":"28/07/2025","date_ts":1753660800000,"profit_abs":0.0,"wins":0,"draws":0,"losses":0,"trades":0,"profit_factor":0.0},{"date":"29/07/2025","date_ts":1753747200000,"profit_abs":0.0,"wins":0,"draws":0,"losses":0,"trades":0,"profit_factor":0.0},{"date":"30/07/2025","date_ts":1753833600000,"profit_abs":0.0,"wins":0,"draws":0,"losses":0,"trades":0,"profit_factor":0.0},{"date":"31/07/2025","date_ts":1753920000000,"profit_abs":0.0,"wins":0,"draws":0,"losses":0,"trades":0,"profit_factor":0.0},{"date":"01/08/2025","date_ts":1754006400000,"profit_abs":0.0,"wins":0,"draws":0,"losses":0,"trades":0,"profit_factor":0.0},{"date":"02/08/2025","date_ts":1754092800000,"profit_abs":0.0,"wins":0,"draws":0,"losses":0,"trades":0,"profit_factor":0.0},{"date":"03/08/2025","date_ts":1754179200000,"profit_abs":0.0,"wins":0,"draws":0,"losses":0,"trades":0,"profit_factor":0.0},{"date":"04/08/2025","date_ts":1754265600000,"profit_abs":0.0,"wins":0,"draws":0,"losses":0,"trades":0,"profit_factor":0.0},{"date":"05/08/2025","date_ts":1754352000000,"profit_abs":0.0,"wins":0,"draws":0,"losses":0,"trades":0,"profit_factor":0.0},{"date":"06/08/2025","date_ts":1754438400000,"profit_abs":0.0,"wins":0,"draws":0,"losses":0,"trades":0,"profit_factor":0.0},{"date":"07/08/2025","date_ts":1754524800000,"profit_abs":0.0,"wins":0,"draws":0,"losses":0,"trades":0,"profit_factor":0.0},{"date":"08/08/2025","date_ts":1754611200000,"profit_abs":0.0,"wins":0,"draws":0,"losses":0,"trades":0,"profit_factor":0.0},{"date":"09/08/2025","date_ts":1754697600000,"profit_abs":0.0,"wins":0,"draws":0,"losses":0,"trades":0,"profit_factor":0.0},{"date":"10/08/2025","date_ts":1754784000000,"profit_abs":0.0,"wins":0,"draws":0,"losses":0,"trades":0,"profit_factor":0.0},{"date":"11/08/2025","date_ts":1754870400000,"profit_abs":0.0,"wins":0,"draws":0,"losses":0,"trades":0,"profit_factor":0.0},{"date":"12/08/2025","date_ts":1754956800000,"profit_abs":0.0,"wins":0,"draws":0,"losses":0,"trades":0,"profit_factor":0.0},{"date":"13/08/2025","date_ts":1755043200000,"profit_abs":0.0,"wins":0,"draws":0,"losses":0,"trades":0,"profit_factor":0.0},{"date":"14/08/2025","date_ts":1755129600000,"profit_abs":-0.8562582,"wins":0,"draws":0,"losses":1,"trades":1,"profit_factor":0.0}],"week":[{"date":"20/01/2025","date_ts":1737331200000,"profit_abs":-0.6873724,"wins":1,"draws":0,"losses":1,"trades":2,"profit_factor":0.02038359},{"date":"27/01/2025","date_ts":1737936000000,"profit_abs":0.0,"wins":0,"draws":0,"losses":0,"trades":0,"profit_factor":0.0},{"date":"03/02/2025","date_ts":1738540800000,"profit_abs":-2.13789784,"wins":2,"draws":0,"losses":3,"trades":5,"profit_factor":0.25430706},{"date":"10/02/2025","date_ts":1739145600000,"profit_abs":-0.41067341,"wins":0,"draws":0,"losses":1,"trades":1,"profit_factor":0.0},{"date":"17/02/2025","date_ts":1739750400000,"profit_abs":0.0,"wins":0,"draws":0,"losses":0,"trades":0,"profit_factor":0.0},{"date":"24/02/2025","date_ts":1740355200000,"profit_abs":0.0,"wins":0,"draws":0,"losses":0,"trades":0,"profit_factor":0.0},{"date":"03/03/2025","date_ts":1740960000000,"profit_abs":2.67882845,"wins":2,"draws":0,"losses":1,"trades":3,"profit_factor":14.42205341},{"date":"10/03/2025","date_ts":1741564800000,"profit_abs":-1.45715529,"wins":1,"draws":0,"losses":4,"trades":5,"profit_factor":0.42451787},{"date":"17/03/2025","date_ts":1742169600000,"profit_abs":0.40303078,"wins":1,"draws":0,"losses":0,"trades":1,"profit_factor":0.0},{"date":"24/03/2025","date_ts":1742774400000,"profit_abs":-0.48881162,"wins":0,"draws":0,"losses":1,"trades":1,"profit_factor":0.0},{"date":"31/03/2025","date_ts":1743379200000,"profit_abs":0.0,"wins":0,"draws":0,"losses":0,"trades":0,"profit_factor":0.0},{"date":"07/04/2025","date_ts":1743984000000,"profit_abs":-1.27070394,"wins":1,"draws":0,"losses":1,"trades":2,"profit_factor":0.19581424},{"date":"14/04/2025","date_ts":1744588800000,"profit_abs":2.0614401,"wins":2,"draws":0,"losses":1,"trades":3,"profit_factor":10.55960586},{"date":"21/04/2025","date_ts":1745193600000,"profit_abs":0.0,"wins":0,"draws":0,"losses":0,"trades":0,"profit_factor":0.0},{"date":"28/04/2025","date_ts":1745798400000,"profit_abs":0.0,"wins":0,"draws":0,"losses":0,"trades":0,"profit_factor":0.0},{"date":"05/05/2025","date_ts":1746403200000,"profit_abs":0.0,"wins":0,"draws":0,"losses":0,"trades":0,"profit_factor":0.0},{"date":"12/05/2025","date_ts":1747008000000,"profit_abs":1.44216024,"wins":2,"draws":0,"losses":2,"trades":4,"profit_factor":1.75151466},{"date":"19/05/2025","date_ts":1747612800000,"profit_abs":0.0,"wins":0,"draws":0,"losses":0,"trades":0,"profit_factor":0.0},{"date":"26/05/2025","date_ts":1748217600000,"profit_abs":-0.2933285,"wins":0,"draws":0,"losses":1,"trades":1,"profit_factor":0.0},{"date":"02/06/2025","date_ts":1748822400000,"profit_abs":0.0,"wins":0,"draws":0,"losses":0,"trades":0,"profit_factor":0.0},{"date":"09/06/2025","date_ts":1749427200000,"profit_abs":0.0,"wins":0,"draws":0,"losses":0,"trades":0,"profit_factor":0.0},{"date":"16/06/2025","date_ts":1750032000000,"profit_abs":0.0,"wins":0,"draws":0,"losses":0,"trades":0,"profit_factor":0.0},{"date":"23/06/2025","date_ts":1750636800000,"profit_abs":0.0,"wins":0,"draws":0,"losses":0,"trades":0,"profit_factor":0.0},{"date":"30/06/2025","date_ts":1751241600000,"profit_abs":0.0,"wins":0,"draws":0,"losses":0,"trades":0,"profit_factor":0.0},{"date":"07/07/2025","date_ts":1751846400000,"profit_abs":0.0,"wins":0,"draws":0,"losses":0,"trades":0,"profit_factor":0.0},{"date":"14/07/2025","date_ts":1752451200000,"profit_abs":-0.70234749,"wins":0,"draws":0,"losses":1,"trades":1,"profit_factor":0.0},{"date":"21/07/2025","date_ts":1753056000000,"profit_abs":0.0,"wins":0,"draws":0,"losses":0,"trades":0,"profit_factor":0.0},{"date":"28/07/2025","date_ts":1753660800000,"profit_abs":0.0,"wins":0,"draws":0,"losses":0,"trades":0,"profit_factor":0.0},{"date":"04/08/2025","date_ts":1754265600000,"profit_abs":0.0,"wins":0,"draws":0,"losses":0,"trades":0,"profit_factor":0.0},{"date":"11/08/2025","date_ts":1754870400000,"profit_abs":0.0,"wins":0,"draws":0,"losses":0,"trades":0,"profit_factor":0.0},{"date":"18/08/2025","date_ts":1755475200000,"profit_abs":-0.8562582,"wins":0,"draws":0,"losses":1,"trades":1,"profit_factor":0.0}],"month":[{"date":"31/01/2025","date_ts":1738281600000,"profit_abs":-0.6873724,"wins":1,"draws":0,"losses":1,"trades":2,"profit_factor":0.02038359},{"date":"28/02/2025","date_ts":1740700800000,"profit_abs":-2.54857125,"wins":2,"draws":0,"losses":4,"trades":6,"profit_factor":0.22244381},{"date":"31/03/2025","date_ts":1743379200000,"profit_abs":1.13589232,"wins":4,"draws":0,"losses":6,"trades":10,"profit_factor":1.35271167},{"date":"30/04/2025","date_ts":1745971200000,"profit_abs":0.79073616,"wins":3,"draws":0,"losses":2,"trades":5,"profit_factor":1.44033678},{"date":"31/05/2025","date_ts":1748649600000,"profit_abs":1.14883174,"wins":2,"draws":0,"losses":3,"trades":5,"profit_factor":1.51928511},{"date":"30/06/2025","date_ts":1751241600000,"profit_abs":0.0,"wins":0,"draws":0,"losses":0,"trades":0,"profit_factor":0.0},{"date":"31/07/2025","date_ts":1753920000000,"profit_abs":-0.70234749,"wins":0,"draws":0,"losses":1,"trades":1,"profit_factor":0.0},{"date":"31/08/2025","date_ts":1756598400000,"profit_abs":-0.8562582,"wins":0,"draws":0,"losses":1,"trades":1,"profit_factor":0.0}],"year":[{"date":"31/12/2025","date_ts":1767139200000,"profit_abs":-1.71908912,"wins":12,"draws":0,"losses":18,"trades":30,"profit_factor":0.86534365}]},"backtest_best_day":0.03899690545991634,"backtest_worst_day":-0.031180905314011326,"backtest_best_day_abs":2.67882845,"backtest_worst_day_abs":-2.13789784,"winning_days":7,"draw_days":192,"losing_days":9,"daily_profit":[["2025-01-19",0.01430266],["2025-01-20",-0.70167506],["2025-01-21",0.0],["2025-01-22",0.0],["2025-01-23",0.0],["2025-01-24",0.0],["2025-01-25",0.0],["2025-01-26",0.0],["2025-01-27",0.0],["2025-01-28",0.0],["2025-01-29",0.0],["2025-01-30",0.0],["2025-01-31",0.0],["2025-02-01",0.0],["2025-02-02",0.0],["2025-02-03",-2.13789784],["2025-02-04",-0.41067341],["2025-02-05",0.0],["2025-02-06",0.0],["2025-02-07",0.0],["2025-02-08",0.0],["2025-02-09",0.0],["2025-02-10",0.0],["2025-02-11",0.0],["2025-02-12",0.0],["2025-02-13",0.0],["2025-02-14",0.0],["2025-02-15",0.0],["2025-02-16",0.0],["2025-02-17",0.0],["2025-02-18",0.0],["2025-02-19",0.0],["2025-02-20",0.0],["2025-02-21",0.0],["2025-02-22",0.0],["2025-02-23",0.0],["2025-02-24",0.0],["2025-02-25",0.0],["2025-02-26",0.0],["2025-02-27",0.0],["2025-02-28",0.0],["2025-03-01",0.0],["2025-03-02",2.67882845],["2025-03-03",0.0],["2025-03-04",0.64235756],["2025-03-05",0.0],["2025-03-06",0.0],["2025-03-07",-2.09951285],["2025-03-08",0.0],["2025-03-09",0.0],["2025-03-10",0.0],["2025-03-11",0.40303078],["2025-03-12",0.0],["2025-03-13",0.0],["2025-03-14",0.0],["2025-03-15",0.0],["2025-03-16",0.0],["2025-03-17",0.0],["2025-03-18",0.0],["2025-03-19",-0.48881162],["2025-03-20",0.0],["2025-03-21",0.0],["2025-03-22",0.0],["2025-03-23",0.0],["2025-03-24",0.0],["2025-03-25",0.0],["2025-03-26",0.0],["2025-03-27",0.0],["2025-03-28",0.0],["2025-03-29",0.0],["2025-03-30",0.0],["2025-03-31",0.0],["2025-04-01",0.0],["2025-04-02",0.0],["2025-04-03",0.0],["2025-04-04",0.0],["2025-04-05",0.0],["2025-04-06",0.0],["2025-04-07",-1.27070394],["2025-04-08",0.0],["2025-04-09",2.0614401],["2025-04-10",0.0],["2025-04-11",0.0],["2025-04-12",0.0],["2025-04-13",0.0],["2025-04-14",0.0],["2025-04-15",0.0],["2025-04-16",0.0],["2025-04-17",0.0],["2025-04-18",0.0],["2025-04-19",0.0],["2025-04-20",0.0],["2025-04-21",0.0],["2025-04-22",0.0],["2025-04-23",0.0],["2025-04-24",0.0],["2025-04-25",0.0],["2025-04-26",0.0],["2025-04-27",0.0],["2025-04-28",0.0],["2025-04-29",0.0],["2025-04-30",0.0],["2025-05-01",0.0],["2025-05-02",0.0],["2025-05-03",0.0],["2025-05-04",0.0],["2025-05-05",0.0],["2025-05-06",0.0],["2025-05-07",0.0],["2025-05-08",0.336527],["2025-05-09",1.10563324],["2025-05-10",0.0],["2025-05-11",0.0],["2025-05-12",0.0],["2025-05-13",0.0],["2025-05-14",0.0],["2025-05-15",0.0],["2025-05-16",0.0],["2025-05-17",0.0],["2025-05-18",0.0],["2025-05-19",0.0],["2025-05-20",0.0],["2025-05-21",0.0],["2025-05-22",0.0],["2025-05-23",-0.2933285],["2025-05-24",0.0],["2025-05-25",0.0],["2025-05-26",0.0],["2025-05-27",0.0],["2025-05-28",0.0],["2025-05-29",0.0],["2025-05-30",0.0],["2025-05-31",0.0],["2025-06-01",0.0],["2025-06-02",0.0],["2025-06-03",0.0],["2025-06-04",0.0],["2025-06-05",0.0],["2025-06-06",0.0],["2025-06-07",0.0],["2025-06-08",0.0],["2025-06-09",0.0],["2025-06-10",0.0],["2025-06-11",0.0],["2025-06-12",0.0],["2025-06-13",0.0],["2025-06-14",0.0],["2025-06-15",0.0],["2025-06-16",0.0],["2025-06-17",0.0],["2025-06-18",0.0],["2025-06-19",0.0],["2025-06-20",0.0],["2025-06-21",0.0],["2025-06-22",0.0],["2025-06-23",0.0],["2025-06-24",0.0],["2025-06-25",0.0],["2025-06-26",0.0],["2025-06-27",0.0],["2025-06-28",0.0],["2025-06-29",0.0],["2025-06-30",0.0],["2025-07-01",0.0],["2025-07-02",0.0],["2025-07-03",0.0],["2025-07-04",0.0],["2025-07-05",0.0],["2025-07-06",0.0],["2025-07-07",0.0],["2025-07-08",0.0],["2025-07-09",0.0],["2025-07-10",-0.70234749],["2025-07-11",0.0],["2025-07-12",0.0],["2025-07-13",0.0],["2025-07-14",0.0],["2025-07-15",0.0],["2025-07-16",0.0],["2025-07-17",0.0],["2025-07-18",0.0],["2025-07-19",0.0],["2025-07-20",0.0],["2025-07-21",0.0],["2025-07-22",0.0],["2025-07-23",0.0],["2025-07-24",0.0],["2025-07-25",0.0],["2025-07-26",0.0],["2025-07-27",0.0],["2025-07-28",0.0],["2025-07-29",0.0],["2025-07-30",0.0],["2025-07-31",0.0],["2025-08-01",0.0],["2025-08-02",0.0],["2025-08-03",0.0],["2025-08-04",0.0],["2025-08-05",0.0],["2025-08-06",0.0],["2025-08-07",0.0],["2025-08-08",0.0],["2025-08-09",0.0],["2025-08-10",0.0],["2025-08-11",0.0],["2025-08-12",0.0],["2025-08-13",0.0],["2025-08-14",-0.8562582]],"wins":12,"losses":18,"draws":0,"winrate":0.4,"holding_avg":"0:50:00","holding_avg_s":3000.0,"winner_holding_min":"0d 00:25","winner_holding_min_s":1500.0,"winner_holding_max":"0d 01:35","winner_holding_max_s":5700.0,"winner_holding_avg":"0d 00:58","winner_holding_avg_s":3480.0,"loser_holding_min":"0d 00:20","loser_holding_min_s":1200.0,"loser_holding_max":"0d 01:45","loser_holding_max_s":6300.0,"loser_holding_avg":"0d 00:44","loser_holding_avg_s":2640.0,"max_consecutive_wins":2,"max_consecutive_losses":4,"max_drawdown_account":0.003568618879257548,"max_relative_drawdown":0.003568618879257548,"max_drawdown_abs":3.56866992,"drawdown_start":"2025-01-19 15:25:00","drawdown_start_ts":1737300300000.0,"drawdown_end":"2025-02-03 16:20:00","drawdown_end_ts":1738599600000.0,"max_drawdown_low":-3.5543672600000003,"max_drawdown_high":0.01430266,"csum_min":996.44563274,"csum_max":1000.83918091}},"strategy_comparison":[{"key":"MomentumMacdRsiStrategy","trades":30,"profit_mean":-0.0008423973074022796,"profit_mean_pct":-0.08,"profit_total_abs":-1.7190891200000005,"profit_total":-0.0017190891200000004,"profit_total_pct":-0.17,"duration_avg":"0:50:00","wins":12,"draws":0,"losses":18,"winrate":0.4,"cagr":-0.0027627294124934476,"expectancy":-0.057302970666666675,"expectancy_ratio":-0.08079381047034473,"sortino":-0.33482441945376357,"sharpe":-0.14375982196822884,"calmar":-4.054327227912132,"sqn":-0.3066,"profit_factor":0.8653436492160922,"max_drawdown_account":0.003568618879257548,"max_drawdown_abs":"3.569"}]}